-- MySQL dump 10.13  Distrib 5.7.26, for Linux (x86_64)
--
-- Host: localhost    Database: techhub_v3
-- ------------------------------------------------------
-- Server version	5.7.26-0ubuntu0.16.04.1

/*!40101 SET @OLD_CHARACTER_SET_CLIENT=@@CHARACTER_SET_CLIENT */;
/*!40101 SET @OLD_CHARACTER_SET_RESULTS=@@CHARACTER_SET_RESULTS */;
/*!40101 SET @OLD_COLLATION_CONNECTION=@@COLLATION_CONNECTION */;
/*!40101 SET NAMES utf8 */;
/*!40103 SET @OLD_TIME_ZONE=@@TIME_ZONE */;
/*!40103 SET TIME_ZONE='+00:00' */;
/*!40014 SET @OLD_UNIQUE_CHECKS=@@UNIQUE_CHECKS, UNIQUE_CHECKS=0 */;
/*!40014 SET @OLD_FOREIGN_KEY_CHECKS=@@FOREIGN_KEY_CHECKS, FOREIGN_KEY_CHECKS=0 */;
/*!40101 SET @OLD_SQL_MODE=@@SQL_MODE, SQL_MODE='NO_AUTO_VALUE_ON_ZERO' */;
/*!40111 SET @OLD_SQL_NOTES=@@SQL_NOTES, SQL_NOTES=0 */;

--
-- Table structure for table `admins`
--

DROP TABLE IF EXISTS `admins`;
/*!40101 SET @saved_cs_client     = @@character_set_client */;
/*!40101 SET character_set_client = utf8 */;
CREATE TABLE `admins` (
  `Id` int(11) NOT NULL AUTO_INCREMENT,
  `Username` varchar(45) NOT NULL,
  `Password` varchar(45) NOT NULL,
  PRIMARY KEY (`Id`),
  UNIQUE KEY `Username_UNIQUE` (`Username`)
) ENGINE=InnoDB AUTO_INCREMENT=2 DEFAULT CHARSET=utf8;
/*!40101 SET character_set_client = @saved_cs_client */;

--
-- Dumping data for table `admins`
--

LOCK TABLES `admins` WRITE;
/*!40000 ALTER TABLE `admins` DISABLE KEYS */;
INSERT INTO `admins` VALUES (1,'anna','123');
/*!40000 ALTER TABLE `admins` ENABLE KEYS */;
UNLOCK TABLES;

--
-- Table structure for table `articles`
--

DROP TABLE IF EXISTS `articles`;
/*!40101 SET @saved_cs_client     = @@character_set_client */;
/*!40101 SET character_set_client = utf8 */;
CREATE TABLE `articles` (
  `Id` int(11) NOT NULL AUTO_INCREMENT,
  `Draft` int(11) NOT NULL,
  `Premium` tinyint(4) NOT NULL DEFAULT '0',
  `PublishTime` datetime NOT NULL,
  `Views` int(11) DEFAULT '0',
  PRIMARY KEY (`Id`),
  KEY `fk_Articles_Draft_idx` (`Draft`),
  CONSTRAINT `fk_Articles_Draft` FOREIGN KEY (`Draft`) REFERENCES `drafts` (`Id`)
) ENGINE=InnoDB AUTO_INCREMENT=13 DEFAULT CHARSET=utf8;
/*!40101 SET character_set_client = @saved_cs_client */;

--
-- Dumping data for table `articles`
--

LOCK TABLES `articles` WRITE;
/*!40000 ALTER TABLE `articles` DISABLE KEYS */;
INSERT INTO `articles` VALUES (1,1,1,'2019-06-12 22:00:00',38),(2,2,0,'2019-06-11 05:00:00',20),(3,3,0,'2019-06-11 07:00:00',9),(4,5,1,'2019-06-13 10:00:00',13),(5,4,1,'2019-06-13 15:00:00',6),(6,8,0,'2019-06-15 06:00:00',0),(7,8,1,'2019-06-26 00:00:00',0),(8,9,1,'2019-06-18 00:00:00',1),(9,6,1,'2019-06-19 00:00:00',0),(10,12,1,'2019-06-20 00:00:00',0),(11,13,1,'2019-06-18 00:00:00',10),(12,7,1,'2019-06-14 00:00:00',0);
/*!40000 ALTER TABLE `articles` ENABLE KEYS */;
UNLOCK TABLES;

--
-- Table structure for table `categories`
--

DROP TABLE IF EXISTS `categories`;
/*!40101 SET @saved_cs_client     = @@character_set_client */;
/*!40101 SET character_set_client = utf8 */;
CREATE TABLE `categories` (
  `Id` int(11) NOT NULL AUTO_INCREMENT,
  `Name` varchar(45) NOT NULL,
  PRIMARY KEY (`Id`),
  UNIQUE KEY `Name_UNIQUE` (`Name`)
) ENGINE=InnoDB AUTO_INCREMENT=4 DEFAULT CHARSET=utf8;
/*!40101 SET character_set_client = @saved_cs_client */;

--
-- Dumping data for table `categories`
--

LOCK TABLES `categories` WRITE;
/*!40000 ALTER TABLE `categories` DISABLE KEYS */;
INSERT INTO `categories` VALUES (3,'Công nghệ'),(2,'Laptop'),(1,'Điện thoại');
/*!40000 ALTER TABLE `categories` ENABLE KEYS */;
UNLOCK TABLES;

--
-- Table structure for table `comments`
--

DROP TABLE IF EXISTS `comments`;
/*!40101 SET @saved_cs_client     = @@character_set_client */;
/*!40101 SET character_set_client = utf8 */;
CREATE TABLE `comments` (
  `Id` int(11) NOT NULL AUTO_INCREMENT,
  `Article` int(11) NOT NULL,
  `User` int(11) NOT NULL,
  `Time` date DEFAULT NULL,
  `Content` text,
  PRIMARY KEY (`Id`),
  KEY `fk_Comments_Articles_idx` (`Article`),
  KEY `fk_Comments_Subcriber_idx` (`User`),
  CONSTRAINT `fk_Comments_Articles` FOREIGN KEY (`Article`) REFERENCES `articles` (`Id`),
  CONSTRAINT `fk_Comments_User` FOREIGN KEY (`User`) REFERENCES `users` (`Id`)
) ENGINE=InnoDB AUTO_INCREMENT=15 DEFAULT CHARSET=utf8;
/*!40101 SET character_set_client = @saved_cs_client */;

--
-- Dumping data for table `comments`
--

LOCK TABLES `comments` WRITE;
/*!40000 ALTER TABLE `comments` DISABLE KEYS */;
INSERT INTO `comments` VALUES (3,1,4,'2019-06-12','This sounds good!'),(4,1,1,'2019-06-14','sdasdsdasd'),(5,1,1,'2019-06-14','sdasdsdasd'),(6,1,1,'2019-06-14','sdasdsdasd'),(7,1,1,'2019-06-14','aSASaS'),(8,5,4,'2019-06-14','Yay!'),(9,4,4,'2019-06-14','Bài thế này mà cũng đăng cho được'),(10,3,4,'2019-06-14','Ảnh thiên văn khá hay\nTuyêt vời'),(11,3,1,'2019-06-15','Yeah'),(12,5,1,'2019-06-15','Great!!!!'),(13,3,1,'2019-06-15','Mấy ảnh này tui thấy cũng đẹp'),(14,2,3,'2019-06-18','Điên thoại đập đá');
/*!40000 ALTER TABLE `comments` ENABLE KEYS */;
UNLOCK TABLES;

--
-- Table structure for table `drafts`
--

DROP TABLE IF EXISTS `drafts`;
/*!40101 SET @saved_cs_client     = @@character_set_client */;
/*!40101 SET character_set_client = utf8 */;
CREATE TABLE `drafts` (
  `Id` int(11) NOT NULL AUTO_INCREMENT,
  `Title` varchar(300) NOT NULL,
  `Category` int(11) NOT NULL,
  `Date` date DEFAULT NULL,
  `Cover` varchar(200) DEFAULT NULL,
  `Author` int(11) NOT NULL,
  `Content` text,
  `Abstract` text,
  `State` int(11) DEFAULT NULL,
  PRIMARY KEY (`Id`),
  KEY `FK_Articles_Categories_idx` (`Category`),
  KEY `fk_Drafts_States_idx` (`State`),
  FULLTEXT KEY `Title` (`Title`,`Abstract`),
  CONSTRAINT `FK_Articles_Categories` FOREIGN KEY (`Category`) REFERENCES `subcategories` (`Id`),
  CONSTRAINT `fk_Drafts_States` FOREIGN KEY (`State`) REFERENCES `states` (`Id`)
) ENGINE=InnoDB AUTO_INCREMENT=16 DEFAULT CHARSET=utf8;
/*!40101 SET character_set_client = @saved_cs_client */;

--
-- Dumping data for table `drafts`
--

LOCK TABLES `drafts` WRITE;
/*!40000 ALTER TABLE `drafts` DISABLE KEYS */;
INSERT INTO `drafts` VALUES (1,'5 tính năng hay nhất của MIUI 10 trên máy Xiaomi',1,'2019-06-02','https://bit.ly/2EOdc6p',1,'<h2> Hãy quên hàng phím ảo đi, vuốt hết</h2><p>Xiaomi tới giờ là hãng làm thao tác đa nhiệm bằng cảm ứng ngon nhất trong thế giới Android, gần ngang với iPhone. Bạn có thể ẩn hoàn toàn phím điều hướng trên màn hình, để dành đất cho việc hiển thị nội dung. Thay vào đó bạn sẽ:</p><ul><li>Vuốt trái, phải để back</li><li>Vuốt lên để về home</li><li>Vuốt lên và giữ để hiển thị giao diện đa nhiệm</li></ul><p>Những chức năng này nhìn vầy thôi chứ nó cực kì hữu ích và bạn sẽ nhận thấy rõ sự khác biệt do đây là các thao tác bạn làm cực kì thường xuyên, nhiều (chục) lần mỗi khi bạn cầm điện thoại lên.</p><p>Cách bật: Vào Cài đặt > Màn hình tràn cạnh > Cử chỉ màn hình tràn cạnh</p><h2>Cầm máy lên là bật màn hình</h2><p>Trên đa số những chiếc điện thoại Xiaomi đều có cảm biến vân tay, nhưng nó lại nằm sau lưng nên không phải ai cũng thích dùng (do phải với tay ra sau). Bạn cứ setup cảm biến vân tay đi, nhưng song song đó thì cài đặt thêm nhận diện gương mặt nữa. MIUII 10 có tính năng nhận diện rất tốt: đưa lên là bắt đầu quét ngay, khi bạn chưa kịp nhận ra thì máy đã unlock xong và sẵn sàng cho bạn sử dụng. Đôi khi hơi giật mình tí, nhưng vẫn tiết kiệm thời gian hơn và bạn bớt được thao tác so với cảm biến vân tay.</p><p>Cách bật: Cài đặt > Màn hình khóa & mật khẩu > Quản lý dữ liệu khuôn mặt</p><p>Lưu ý: trừ một số dòng điện thoại Mi cao cấp, ví dụ như Mi 8 Explorer Edition, thì các smartphone Mi chỉ nhận diện gương mặt bằng hình ảnh 2D, tức là kém an toàn hơn so với quét 3D hồng ngoại. Những tấm ảnh chụp giả mặt bạn hoàn toàn có thể đánh lừa điện thoại unlock nếu đủ tinh vi. Nếu bạn không ngại lắm về vụ này và ưu tiên sự tiện lợi thì hãy dùng chức năng nhận diện gương mặt.</p>','6 cái này là những tính năng mình hay sử dụng nhất, và nó giúp mình rất nhiều trong việc dùng con Redmi Note 7 (cũng như nhiều dòng smartphone Xiaomi khác) một cách hiệu quả. Mời anh em đang dùng Xiaomi tham khảo nhé.',4),(2,'Samsung sẽ ra mắt điện thoại \"đập đá\" Xcover 4S vào 12/6 sắp tới, pin có thể tháo rời, giá dưới 250',2,'2019-06-06','https://bit.ly/2IrB1Sm',1,'Phiên bản nâng cấp của chiếc điện thoại \"đập đá\" Xcover 4 mà Samsung ra mắt hồi năm ngoái sẽ được cập nhật vào tuần sau 12/6. Thông tin này được tiết lộ bởi người chuyên leak tin Roland Quandt. Chỉ thêm một chữ S thay vì đặt số mới, Xcover 4S được cho là sẽ không có thay đổi lớn về thiết kế, mà thay vào đó sẽ là những tính năng cùng phần cứng bên trong máy.\r\n\r\nVới mã hiệu SM-G398F, chiếc Samsung Xcover 4S dược cho là có màn hình LCD 5 inch độ phân giải 1280 x 720p, 294ppi. Phần cứng dự đoán sẽ là Exynos 7885 8 nhân 1.6GHz, 3GB RAM, 32GB ROM và hỗ trợ thẻ nhớ mở rộng microSD. Mặc dù không quá mạnh ở hiện tại nhưng cấu hình này cao hơn khá nhiều so với chiếc Xcover 4 năm ngoái với chip lõi tứ, 2GB RAM và 32GB ROM.\r\n\r\nXcover 4S sẽ có camera chính 16MP f/1.7, không có chống rung quang học nhưng bù lại vẫn có chế độ tối ưu khung hình. Camera selfie phía trước sẽ là 5MP, f/2.2. Pin 2800mAh có thể tháo rời, một điểm thường thấy dành cho những chiếc điện thoại dạng này. Ra mắt năm 2019, Xcover 4S sẽ có cổng USB-C thay vì microUSB như phiên bản năm ngoái. Máy sẽ có Bluetooth 5.0 và lỗ cắm tai nghe 3.5mm.\r\n\r\nVà tất cả mọi thứ làm nên dòng Xcover chính là độ bền của nó. Xcover 4S được cho là sẽ đạt chuẩn chống nước bụi IP68 và phần vỏ được thiết kế để bảo vệ máy sống sót qua một số điều kiện khắt nghiệt khác nhau. Trong bối cảnh mà dòng S Active đã không còn tiếp tục, Xcover 4S được cho là sẽ tiếp nối phong cách điện thoại “bền” của Samsung với giá rẻ hơn. Mức giá của Xcover 4S được cho là sẽ vào khoảng không quá 250 euro. ','Phiên bản nâng cấp của chiếc điện thoại \"đập đá\" Xcover 4 mà Samsung ra mắt hồi năm ngoái sẽ được cập nhật vào tuần sau 12/6. Thông tin này được tiết lộ bởi người chuyên leak tin Roland Quandt. Chỉ thêm một chữ S thay vì đặt số mới, Xcover 4S được cho là sẽ không có thay đổi lớn về thiết kế, mà thay vào đó sẽ là những tính năng cùng phần cứng bên trong máy.\r\n',4),(3,'Dân nghiệp dư liệu có thể chụp ảnh đẹp được như NASA?\n',1,'2019-06-08','https://bit.ly/2XB2Pu0',1,'<blockquote class=\"messageText SelectQuoteContainer ugc baseHtml\"> Dạo gần đây, trên các diễn đàn và website về <a href=\"tags/thien-van-nghiep-du/\" class=\"Tinhte_XenTag_TagLink\" title=\"\">thiên văn nghiệp dư</a> ở nước ngoài nổi lên trào lưu so sánh ảnh chụp bởi giới nghiệp dư với các tác phẩm chụp bởi kính <a href=\"tags/thien-van/\" class=\"Tinhte_XenTag_TagLink\" title=\"\">thiên văn</a> không gian Hubble. Tất nhiên, đa phần - nếu không muốn nói là toàn bộ các bức ảnh tự chụp không bao giờ \"có cửa\" khi so sánh với chiếc kính thiên văn <a href=\"tags/khoa-hoc/\" class=\"Tinhte_XenTag_TagLink\" title=\"\">khoa học</a> hàng đầu thế giới như Hubble Space Telescope, nhưng trào lưu này phần nào nói lên sự phổ biến, tiềm năng phát triển cũng như tầm quan trọng ngày càng gia tăng của nhiếp ảnh thiên văn nghiệp dư trong sự phát triển chung của ngành thiên văn học trên toàn thế giới.<br> <br> Mình cũng xin gửi tới anh em Tinh tế một số bức ảnh chụp từ đài thiên văn cá nhân trên nóc nhà mình tại ngoại thành Hà Nội. Cùng với đó sẽ là hình ảnh chụp từ kính thiên văn vũ trụ Hubble để anh em cùng thưởng lãm và so sánh.<br> <br> <span class=\"bdImage_attachImage\" style=\"width:2000px\"> <span class=\"inner\" style=\"padding-bottom:52.450000%\"> <img src=\"https://photo2.tinhte.vn/data/attachment-files/2019/06/4679044_m16_compare.jpg\" alt=\"Đang tải m16_compare.jpg…\" title=\"m16_compare.jpg\" data-width=\"2000\" data-height=\"1049\"> </span> </span> <br> Bức ảnh nổi tiếng \"Những cây cột của tạo hoá\" (<a href=\"https://www.nasa.gov/image-feature/the-pillars-of-creation/\" target=\"_blank\" class=\"externalLink\" rel=\"nofollow\">Pillars of Creation</a>) được chụp bởi kính thiên văn vũ trụ Hubble vào năm 2014, hình bên trái. Những cây cột chứa bụi khí dày đặc này nằm tại trung tâm tinh vân Đại Bàng, khu vực khoanh tròn ở ảnh bên phải. Ảnh bên phải chụp từ kính thiên văn tiêu cự 700mm tại đài thiên văn của mình vào năm 2017. Tinh vân Đại Bàng nằm cách chúng ta khoảng 7000 <a href=\"https://vi.wikipedia.org/wiki/N%C4%83m_%C3%A1nh_s%C3%A1ng\" target=\"_blank\" class=\"externalLink\" rel=\"nofollow\">năm áng sáng</a> về phía chòm sao Cự Xà. Sự sai khác màu sắc trong hai bức ảnh chủ yếu đến từ bản chất của các loại kính lọc sử dụng trong quá trình thu hình và kĩ thuật xử lý ảnh sau này.<br> <br> Xem thêm: <a href=\"https://tinhte.vn/threads/cam-bien-anh-thien-van-va-xu-ly-mau-sac-trong-anh-thien-van.2956238/\" class=\"internalLink\">Cảm biến ảnh thiên văn và xử lý màu sắc trong ảnh thiên văn</a><br> <br> <span class=\"bdImage_attachImage\" style=\"width:2000px\"> <span class=\"inner\" style=\"padding-bottom:40.000000%\"> <img src=\"https://photo2.tinhte.vn/data/attachment-files/2019/06/4679059_horsehead_compare.jpg\" alt=\"Đang tải horsehead_compare.jpg…\" title=\"horsehead_compare.jpg\" data-width=\"2000\" data-height=\"800\"> </span> </span> <br> Tinh vân Đầu Ngựa (Horsehead nebula) thu tại phổ hồng ngoại bởi kính thiên văn vũ trụ Hubble nằm ở hình bên trái. Tinh vân này nằm trong một tổ hợp tinh vân khổng lồ nằm trải rộng trên bầu trời mùa đông, hướng về phía chòm sao Lạp Hộ. Hình ảnh bên phải thu tại phổ khả kiến bằng hai kính thiên văn tại đài quan sát của mình, cho thấy tinh vân Đầu Ngựa là đối tượng màu tối nằm ở trung tâm ảnh, nổi bật trên nền màu đỏ của tinh vân IC 434 nằm ở phía sau. Tinh vân Đầu Ngựa nằm cách chúng ta khoảng 1500 <a href=\"https://vi.wikipedia.org/wiki/N%C4%83m_%C3%A1nh_s%C3%A1ng\" target=\"_blank\" class=\"externalLink\" rel=\"nofollow\">năm ánh sáng.</a><br> <br> <span class=\"bdImage_attachImage\" style=\"width:1500px\"> <span class=\"inner\" style=\"padding-bottom:112.333333%\"> <img src=\"https://photo2.tinhte.vn/data/attachment-files/2019/06/4679067_sombrero_compare.jpg\" alt=\"Đang tải sombrero_compare.jpg…\" title=\"sombrero_compare.jpg\" data-width=\"1500\" data-height=\"1685\"> </span> </span> <br> Những chi tiết sắc nét trên quầng sáng và đĩa bụi của thiên hà Sombrero chụp bởi kính thiên văn vũ trụ Hubble ở hình trên. Hình ảnh trường rộng ở phía dưới chụp bởi kính thiên văn phản xạ tiêu cự 1,6 mét tại đài quan sát của mình. Khoảng cách ước tính giữa thiên hà Sombrero và chúng ta là 33 triệu <a href=\"https://vi.wikipedia.org/wiki/N%C4%83m_%C3%A1nh_s%C3%A1ng\" target=\"_blank\" class=\"externalLink\" rel=\"nofollow\">năm ánh sáng</a>.<br> <br> <span class=\"bdImage_attachImage\" style=\"width:1500px\"> <span class=\"inner\" style=\"padding-bottom:131.733333%\"> <img src=\"https://photo2.tinhte.vn/data/attachment-files/2019/06/4679070_helix_compare.jpg\" alt=\"Đang tải helix_compare.jpg…\" title=\"helix_compare.jpg\" data-width=\"1500\" data-height=\"1976\"> </span> </span> <br> Đĩa bụi khí của tinh vân Helix được xử lý tổng hợp từ dữ liệu chụp bởi kính thiên văn vũ trụ Hubble phối hợp với đài quan sát Quốc gia Kitt Peak Hoa Kỳ ở hình trên. Hình dưới là ảnh chụp trường rộng từ hệ thống hai kính thiên văn khúc xạ tại đài quan sát của mình. Tinh vân Helix là ví dụ điển hình về loại tinh vân hành tinh hình thành vào giai đoạn cuối của quá trình tiến hóa từ những ngôi sao khối lượng trung bình và nhỏ giống như Mặt Trời của chúng ta. Trong quá trình này, nửa bên ngoài của sao sẽ bị đẩy ra không gian tạo thành tinh vân. Phần lõi nóng sáng còn lại ở chính giữa gọi là nhân tinh vân hành tinh hay sao lùn trắng. Tinh vân Helix cách chúng ta khoảng 700 <a href=\"https://vi.wikipedia.org/wiki/N%C4%83m_%C3%A1nh_s%C3%A1ng\" target=\"_blank\" class=\"externalLink\" rel=\"nofollow\">năm ánh sáng</a> về phía chòm sao Bảo Bình.<br> <br> <span class=\"bdImage_attachImage\" style=\"width:1200px\"> <span class=\"inner\" style=\"padding-bottom:72.000000%\"> <img src=\"https://photo2.tinhte.vn/data/attachment-files/2019/06/4679178_61985392_1050789235120314_1832274563627483136_n.jpg\" alt=\"Đang tải 61985392_1050789235120314_1832274563627483136_n.jpg…\" title=\"61985392_1050789235120314_1832274563627483136_n.jpg\" data-width=\"1200\" data-height=\"864\"> </span> </span> <br> <br> Đài thiên văn nghiệp dư của mình được xây dựng trên nóc nhà riêng tại ngoại thành Hà Nội từ năm 2017. Tổng chi phí đầu tư tính đến nay rơi vào khoảng 600-700 triệu, bao gồm một đài hoàn chỉnh theo thiết kế <a href=\"https://www.observatorysolutions.com/roll-off.php\" target=\"_blank\" class=\"externalLink\" rel=\"nofollow\">roll-off roof</a>, ba kính thiên văn, hai camera thu hình, một trụ bám nhật động, ba dàn máy tính và các hệ thống phụ trợ khác. Đài đã thực hiện hàng trăm giờ quan sát và phơi sáng, chủ yếu hướng vào các hành tinh trong hệ Mặt Trời, các tinh vân, cụm sao và các thiên hà lớn khác. Để có thể chụp ảnh bầu trời đêm trong điều kiện ô nhiễm ánh sáng ở khu vực ngoại thành Hà Nội, các camera thu hình được trang bị thêm <a href=\"https://havnblog.wordpress.com/2017/07/01/anh-thien-van-qua-kinh-loc-dai-hep/\" target=\"_blank\" class=\"externalLink\" rel=\"nofollow\">một số bộ lọc dải hẹp</a> nhằm cô lập và xác định rõ từng thành phần bước sóng của các nguyên tố phát xạ trong lòng tinh vân, hạn chế tối đa ánh sáng dư thừa tới từ các nguồn trên mặt đất. Tất nhiên, vẫn có một số bức ảnh được chụp toàn bộ trong dải khả kiến với phổ RGB hoàn toàn trùng khớp với cảm nhận màu sắc của mắt người. Đa phần, các bức ảnh này được ghi hình trong điều kiện thời tiết rất trong trẻo, khi các đối tượng thiên văn đã lên cao nhằm tránh ô nhiễm ánh sáng từ đường chân trời.<br> <br> Xem thêm: <a href=\"https://tinhte.vn/threads/cung-ngam-nhung-hinh-anh-dep-nhat-chup-tu-dai-thien-van-nghiep-du-tai-ha-noi.2932438/\" class=\"internalLink\">Cùng ngắm những hình ảnh đẹp nhất chụp từ đài thiên văn nghiệp dư tại Hà Nội</a><br> <br> <span class=\"bdImage_attachImage\" style=\"width:960px\"> <span class=\"inner\" style=\"padding-bottom:57.291667%\"> <img src=\"https://photo2.tinhte.vn/data/attachment-files/2019/06/4679179_3027046_hubble_in_orbit1-960-jt.jpg\" alt=\"Đang tải 3027046_hubble_in_orbit1-960-jt.jpg…\" title=\"3027046_hubble_in_orbit1-960-jt.jpg\" data-width=\"960\" data-height=\"550\"> </span> </span> <br> <br> Kính thiên văn vũ trụ Hubble (Hubble Space Telescope) là dự án hợp tác của <a href=\"https://www.nasa.gov/\" target=\"_blank\" class=\"externalLink\" rel=\"nofollow\">Cơ quan Hàng không và Vũ trụ Hoa Kỳ NASA</a> và <a href=\"https://www.esa.int/ESA\" target=\"_blank\" class=\"externalLink\" rel=\"nofollow\">Cơ quan Hàng không vũ trụ châu Âu ESA </a>trong thập niên 80-90 của thế kỉ trước. Kính được trang bị gương phản xạ đường kính 2,4 mét đi kèm hệ thống kính lọc, camera độ phân giải cao và một loạt các thiết bị đo lường khoa học khác. Chiếc kính thiên văn vũ trụ này hoạt động ở độ cao 610 km so với mặt đất, nơi hầu như không chịu ảnh hưởng bởi sự nhiễu loạn của bầu khí quyền Trái Đất. Tại thời điểm phóng lên quỹ đạo vào tháng 4/1990, kinh phí ước tính dành cho nó rơi vào khoảng 1.5 tỉ USD (xấp xỉ 2.9 tỉ USD theo thời giá năm 2017).<br> <br> Trải qua 5 lần sửa chữa, thay thế và bổ sung linh kiện bằng các sứ mệnh tàu con thoi, tính tới thời điểm hiện tại, kính thiên văn vũ trụ Hubble đã hoạt động được hơn 29 năm và đem về rất nhiều khám phá vĩ đại về vũ trụ, giúp một phần không nhỏ trong việc chứng minh các lý thuyết trụ cột, nền tảng của thiên văn học hiện đại. Theo <a href=\"tags/nasa/\" class=\"Tinhte_XenTag_TagLink\" title=\"\">NASA</a>, kinh phí tổng cộng dành cho kính thiên văn vũ trụ Hubble đã lên tới xấp xỉ 11 tỉ USD (hơn 250 nghìn tỉ Việt Nam đồng theo tỉ giá hiện tại) bao gồm các chi phí nghiên cứu chế tạo, phóng lên quỹ đạo, các sứ mệnh bảo trì, duy tu và vận hành hàng năm.<div class=\"messageTextEndMarker\">&nbsp;</div></blockquote>','Dạo gần đây, trên các diễn đàn và website về thiên văn nghiệp dư ở nước ngoài nổi lên trào lưu so sánh ảnh chụp bởi giới nghiệp dư với các tác phẩm chụp bởi kính thiên văn không gian Hubble. Tất nhiên, đa phần - nếu không muốn nói là toàn bộ các bức ảnh tự chụp không bao giờ \"có cửa\" khi so sánh với chiếc kính thiên văn khoa học hàng đầu thế giới như Hubble Space Telescope, nhưng trào lưu này phần nào nói lên sự phổ biến, tiềm năng phát triển cũng như tầm quan trọng ngày càng gia tăng của nhiếp ảnh thiên văn nghiệp dư trong sự phát triển chung của ngành thiên văn học trên toàn thế giới.\n',4),(4,'Thực tế điều khiển đèn, máy lạnh, quạt, robot hút bụi, chơi nhạc... bằng Google Assistant tiếng Việt',7,'2019-06-08','/images/articles/2/01.jpg',3,'<p>Đây là những thứ tưởng chừng như chỉ là mơ trong khoảng 1 năm trước, bởi cái ngày mà Google Assistant (hay nói rộng ra là bất kì trợ lý ảo nào) hỗ trợ cho tiếng Việt còn rất xa. Thế mà năm nay, vào những ngày đầu tháng 5, chúng ta đã có thể dùng tiếng Việt với Google Assistant và thậm chí điều khiển mọi món đồ smarthome trong nhà của mình bằng những câu lệnh thân thuộc như thế này.</p><p>Hiện tại chức năng điều khiển nhà thông minh của Google Assistant đã khá hoàn thiện, chỉ còn mỗi vụ báo \"Thiết bị không phản hồi\" nhưng thực chất lệnh vẫn được gửi đi và vẫn thực hiện thành công. Còn lại mình khá hài lòng với nó. Bạn có thể dùng Google Assistant để điều khiển các món đồ gia dụng trong gia đình mình như đèn, quạt, máy lạnh, TV, robot hút bụi... Nói chung là Google Assistant tiếng Anh làm được gì thì con này làm được gần đủ hết luôn, sướng lắm.</p><p>Và Google Assistant tiếng Việt chính là mảnh ghép còn thiếu của thị trường nhà thông minh tại Việt Nam. Như mình có chia sẻ trong bài trước, nhờ có Google Assistant mà các nhà sản xuất smarthome sẽ đến Việt Nam nhiều hơn, các công ty làm smarthome ở nước ta cũng sẽ tự tin hơn để tiếp tục sáng tạo và kinh doanh.</p><img src=\"/images/articles/2/01.jpg\" alt=\"Den thong minh\"><p>Việc có thể dùng được tiếng Việt với smarthome còn giúp gỡ bỏ rào cản lớn nhất hiện nay: điều khiển bằng giọng nói. Hiện tại hệ thống nhà thông minh của mình có khá nhiều đồ chơi và cũng rất tiện lợi nhưng ngặt cái phải ra lệnh bằng tiếng Anh nên ba mẹ mình không tận dụng được. Giờ thì ổn rồi, chỉ cần đợi các loa Google Home hỗ trợ tiếng Việt nữa là không cần cầm điện thoại luôn vẫn có thể ra lệnh điều khiển thoải mái.</p><p>Những thiết bị đã được hỗ trợ điều khiển và các lệnh bạn có thể dùng như sau:</p><ol> <li><strong>Bóng đèn: </strong>bật đèn <tên đèn>, tắt đèn <tên đèn>, cài độ sáng đèn <tên đèn> ở mức 50% (hoặc số nào đó mà bạn chọn, nhưng không phải bóng nào cũng hỗ trợ chỉnh độ sáng). Mình thử nghiệm với đèn Yeelight màu.</li><li><strong>Công tắc gắn tường: </strong>bật tắt, mình thử với ổ công tắc của JAVIS, một hãng Việt Nam</li><img src=\"/images/articles/2/02.jpg\" alt=\"Den thong minh\"><li><strong>Máy lạnh, quạt điều khiển bằng remote hồng ngoại: </strong>bật tắt, mình dùng cục Broadlink RM3 Mini để điều khiển mấy cái máy lạnh và quạt cũ ở nhà.</li><li><strong>TV: </strong>bật tắt được TV, mình cũng dùng cục Broadlink chứ TV nhà mình không có smart.</li><li><strong>Robot hút bụi: </strong>bật, tắt và kêu robot hút bụi chạy về lại dock sạc. Mình dùng con robot Xiaomi Gen 2.</li><li><strong>Có thể ra lệnh để chơi nhạc trên Spotify, </strong>nhưng chỉ chơi được trên điện thoại chứ chưa dùng loa thông minh để phát được.</li></ol><p>Nhà thông minh của mình có nhiêu đây, anh em có hàng gì điều khiển được từ Google Assistant thì chia sẻ thêm nhé. Bạn nào muốn mua mấy món đồ smarthome giống mình thì hãy xem bài Giới thiệu với anh em hệ thống smarthome dưới 8 triệu, điều khiển được đèn, quạt, máy lạnh, loa...</p><img src=\"/images/articles/2/03.jpg\" alt=\"Den thong minh\"><p>Một mẹo nhỏ dành cho bạn nào không điều khiển được thiết bị smarthome của mình bằng tiếng Việt: bạn hãy đặt tên cho thiết bị của mình bằng tiếng Anh, nhưng khi ra lệnh thì vẫn nói tiếng Việt bình thường.</p><p>Ví dụ: đặt tên thiết bị là Small room light, có nghĩa là đèn phòng nhỏ (nhà mình có 3 phòng, phòng nhỏ là phòng ngủ của mình). Khi ra lệnh, bạn chỉ cần \"Hey Google, bật đèn phòng nhỏ\" là xong. Google tự dịch từ chữ \"small room\" thành chữ \"phòng nhỏ\" luôn.</p>','Bật đèn phòng ngủ nhỏ. Đặt độ sáng đèn phòng ngủ nhỏ ở mức 25%. Bật máy lạnh phòng ngủ nhỏ. Bật máy hút bụi. Gắn máy hút bụi vào đế sạc',4),(5,'Somethingzz',1,'2019-11-06',NULL,1,'<p>Đ&acirc;y l&agrave; một b&agrave;i đăng nh&aacute;p.</p>\r\n<p><strong>R&otilde; r&agrave;ng l&agrave; một b&agrave;i đăng <em>nh&aacute;p.</em></strong></p>\r\n<p><em>Nguy&ecirc;n Khang<br /></em></p>','hi',2),(6,'We’re all going to die — what happens to our Facebook accounts?',1,'2019-12-06','https://bit.ly/2X8u1n0',2,'<p id=\"uxK4PG\" style=\"box-sizing: border-box; text-decoration-line: inherit; vertical-align: inherit; font-family: Helvetica, sans-serif; font-size: 18px; line-height: inherit; margin: 0px 0px 1.2rem; padding: 0px; color: #424242; background-color: #ffffff;\">This week on&nbsp;<em style=\"box-sizing: border-box; text-decoration: inherit; vertical-align: inherit; font-family: inherit; font-size: inherit; line-height: inherit; margin: 0px; padding: 0px;\">Why&rsquo;d You Push That Button?</em>, Kaitlyn Tiffany and I think about death. This slightly dark episode marks the start of our three-part miniseries, Death Online, which, as you can probably guess, tackles how the internet changes how we (and our things) die. This episode is about planning for our deaths. Yes, we know we should make a will and think about our physical assets, but for this episode, we&rsquo;re focused on our digital assets. What happens to all of our Instagram posts? What happens to our accounts? Does someone know our passwords?</p>\r\n<p id=\"9ojms8\" style=\"box-sizing: border-box; text-decoration-line: inherit; vertical-align: inherit; font-family: Helvetica, sans-serif; font-size: 18px; line-height: inherit; margin: 0px 0px 1.2rem; padding: 0px; color: #424242; background-color: #ffffff;\">We chat with a bunch of people who have thoughts, including Cat Frazier of the Animated Text accounts on Tumblr,&nbsp;<a style=\"box-sizing: border-box; text-decoration: inherit; vertical-align: inherit; font-family: inherit; font-size: inherit; font-style: inherit; line-height: inherit; margin: 0px; padding: 0px; background-color: transparent; color: #e5127d; transition: color 0.1s ease 0s, background-color 0.1s ease 0s, fill 0.1s ease 0s; border-bottom: 1px solid currentcolor;\" href=\"https://www.instagram.com/itsanimatedtext/\">Instagram</a>, Twitter, and Facebook, as well as Tim Herrera, the Smarter Living editor for&nbsp;<em style=\"box-sizing: border-box; text-decoration: inherit; vertical-align: inherit; font-family: inherit; font-size: inherit; line-height: inherit; margin: 0px; padding: 0px;\">The New York Times</em>. We also chat with an estate planner who specializes in digital assets law, Megan Yip, and a&nbsp;<em style=\"box-sizing: border-box; text-decoration: inherit; vertical-align: inherit; font-family: inherit; font-size: inherit; line-height: inherit; margin: 0px; padding: 0px;\">Why&rsquo;d You Push That Button?</em>&nbsp;listener named Jon who has thought deeply about his death plan.</p>\r\n<div id=\"formatter-datter\" class=\"u-hidden-text\" style=\"box-sizing: border-box; text-decoration-line: inherit; text-decoration-style: initial; text-decoration-color: initial; vertical-align: inherit; font-family: Helvetica, sans-serif; font-size: 17px; font-style: normal; line-height: inherit; margin: 0px; padding: 0px; display: inline-block; height: 0px; overflow: hidden; position: absolute; width: 0px; color: #424242; font-variant-ligatures: normal; font-variant-caps: normal; font-weight: 400; letter-spacing: normal; orphans: 2; text-align: start; text-indent: 0px; text-transform: none; white-space: normal; widows: 2; word-spacing: 0px; -webkit-text-stroke-width: 0px; background-color: #ffffff;\" data-cid=\"site/entry_formatter-1560353202_2159_21902\" data-cdata=\"{&quot;svg_hr_illustration&quot;:&quot;&quot;}\">&nbsp;</div>\r\n<div class=\"c-entry-content \" style=\"box-sizing: border-box; text-decoration-line: inherit; text-decoration-style: initial; text-decoration-color: initial; vertical-align: inherit; font-family: Helvetica, sans-serif; font-size: 17px; font-style: normal; line-height: inherit; margin: 0px 0px 1.2rem; padding: 0px; font-weight: 300; position: relative; color: #424242; font-variant-ligatures: normal; font-variant-caps: normal; letter-spacing: normal; orphans: 2; text-align: start; text-indent: 0px; text-transform: none; white-space: normal; widows: 2; word-spacing: 0px; -webkit-text-stroke-width: 0px; background-color: #ffffff;\">\r\n<p id=\"Yp3vtD\" style=\"box-sizing: border-box; text-decoration: inherit; vertical-align: inherit; font-family: inherit; font-size: 18px; font-style: inherit; line-height: inherit; margin: 0px 0px 1.2rem; padding: 0px;\">Listen to the episode above, and you can subscribe to the show anywhere you typically get your podcasts. To make it easy for you, we&rsquo;ve also got our usual places linked:&nbsp;<a style=\"box-sizing: border-box; text-decoration: inherit; vertical-align: inherit; font-family: inherit; font-size: inherit; font-style: inherit; line-height: inherit; margin: 0px; padding: 0px; background-color: transparent; color: #e5127d; transition: color 0.1s ease 0s, background-color 0.1s ease 0s, fill 0.1s ease 0s; border-bottom: 1px solid currentcolor;\" href=\"https://go.redirectingat.com/?id=66960X1514734&amp;xs=1&amp;url=https%3A%2F%2Fitunes.apple.com%2Fus%2Fpodcast%2Fwhyd-you-push-that-button%2Fid1295289748%3Fmt%3D2\">Apple Podcasts</a>,&nbsp;<a style=\"box-sizing: border-box; text-decoration: inherit; vertical-align: inherit; font-family: inherit; font-size: inherit; font-style: inherit; line-height: inherit; margin: 0px; padding: 0px; background-color: transparent; color: #e5127d; transition: color 0.1s ease 0s, background-color 0.1s ease 0s, fill 0.1s ease 0s; border-bottom: 1px solid currentcolor;\" href=\"https://pca.st/button\">Pocket Casts</a>,&nbsp;<a style=\"box-sizing: border-box; text-decoration: inherit; vertical-align: inherit; font-family: inherit; font-size: inherit; font-style: inherit; line-height: inherit; margin: 0px; padding: 0px; background-color: transparent; color: #e5127d; transition: color 0.1s ease 0s, background-color 0.1s ease 0s, fill 0.1s ease 0s; border-bottom: 1px solid currentcolor;\" href=\"https://open.spotify.com/show/4xEBxMawkpToKdcnSTI7Ze\">Spotify</a>,&nbsp;<a style=\"box-sizing: border-box; text-decoration: inherit; vertical-align: inherit; font-family: inherit; font-size: inherit; font-style: inherit; line-height: inherit; margin: 0px; padding: 0px; background-color: transparent; color: #e5127d; transition: color 0.1s ease 0s, background-color 0.1s ease 0s, fill 0.1s ease 0s; border-bottom: 1px solid currentcolor;\" href=\"https://www.google.com/podcasts?feed=aHR0cDovL2ZlZWRzLmZlZWRidXJuZXIuY29tL1doeWRZb3VQdXNoVGhhdEJ1dHRvbg%3D%3D\">Google Podcasts</a>, and our&nbsp;<a style=\"box-sizing: border-box; text-decoration: inherit; vertical-align: inherit; font-family: inherit; font-size: inherit; font-style: inherit; line-height: inherit; margin: 0px; padding: 0px; background-color: transparent; color: #e5127d; transition: color 0.1s ease 0s, background-color 0.1s ease 0s, fill 0.1s ease 0s; border-bottom: 1px solid currentcolor;\" href=\"http://feeds.feedburner.com/WhydYouPushThatButton\">RSS feed</a>.</p>\r\n</div>','A new Why’d You Push That Button? episode',4),(7,'The biggest news from Elon Musk’s Tesla shareholder meeting',8,'2019-12-06','https://bit.ly/2RbiFZM',1,'<figure class=\"e-image e-image--hero\" style=\"box-sizing: border-box; text-decoration-line: inherit; vertical-align: inherit; font-family: Helvetica, sans-serif; font-size: 18px; line-height: inherit; margin: 0px 0px 32px; padding: 0px; display: block; color: #424242; background-color: #ffffff;\"><span class=\"e-image__inner\" style=\"box-sizing: border-box; text-decoration: inherit; vertical-align: inherit; font-family: inherit; font-size: inherit; font-style: inherit; line-height: inherit; margin: 0px; padding: 0px; display: block; position: relative;\"><span class=\"e-image__image \" style=\"box-sizing: border-box; text-decoration: inherit; vertical-align: inherit; font-family: inherit; font-size: inherit; font-style: inherit; line-height: inherit; margin: 0px; padding: 0px; display: block; width: 739.922px;\" data-original=\"https://cdn.vox-cdn.com/uploads/chorus_image/image/63989923/elon_musk_tesla_3036.0.jpg\"><picture class=\"c-picture\" style=\"box-sizing: border-box; text-decoration: inherit; vertical-align: inherit; font-family: inherit; font-size: inherit; font-style: inherit; line-height: inherit; margin: 0px; padding: 0px; display: block; width: 739.922px; min-height: 1px;\" data-cid=\"site/picture_element-1560353965_3909_28667\" data-cdata=\"{&quot;image_id&quot;:63989923,&quot;ratio&quot;:&quot;*&quot;}\"><img style=\"box-sizing: border-box; text-decoration: inherit; vertical-align: inherit; font-family: inherit; font-size: inherit; font-style: inherit; line-height: inherit; margin: 0px; padding: 0px; border: 0px; max-width: 100%; display: block; width: 739.922px; height: auto;\" src=\"https://cdn.vox-cdn.com/thumbor/whXwIVOIvQ97RkqsAX02JLAnoP4=/0x0:2040x1360/1200x800/filters:focal(857x517:1183x843)/cdn.vox-cdn.com/uploads/chorus_image/image/63989923/elon_musk_tesla_3036.0.jpg\" sizes=\"(min-width: 1221px) 846px, (min-width: 880px) calc(100vw - 334px), 100vw\" srcset=\"https://cdn.vox-cdn.com/thumbor/dj26FijPJba4E5K_RyL4rm5Rvqk=/0x0:2040x1360/320x213/filters:focal(857x517:1183x843)/cdn.vox-cdn.com/uploads/chorus_image/image/63989923/elon_musk_tesla_3036.0.jpg 320w, https://cdn.vox-cdn.com/thumbor/gM2-e-lpOtBomvYp8QVWfVDuieI=/0x0:2040x1360/620x413/filters:focal(857x517:1183x843)/cdn.vox-cdn.com/uploads/chorus_image/image/63989923/elon_musk_tesla_3036.0.jpg 620w, https://cdn.vox-cdn.com/thumbor/Y07ig4MgVFdT1dBS7lJEpSyspP0=/0x0:2040x1360/920x613/filters:focal(857x517:1183x843)/cdn.vox-cdn.com/uploads/chorus_image/image/63989923/elon_musk_tesla_3036.0.jpg 920w, https://cdn.vox-cdn.com/thumbor/-XAobt_AIV0TAsTLikTFuwqbbwc=/0x0:2040x1360/1220x813/filters:focal(857x517:1183x843)/cdn.vox-cdn.com/uploads/chorus_image/image/63989923/elon_musk_tesla_3036.0.jpg 1220w, https://cdn.vox-cdn.com/thumbor/LZGWTW5MhTb7ToslpacVI3p0BI4=/0x0:2040x1360/1520x1013/filters:focal(857x517:1183x843)/cdn.vox-cdn.com/uploads/chorus_image/image/63989923/elon_musk_tesla_3036.0.jpg 1520w, https://cdn.vox-cdn.com/thumbor/MpTuZJa6arhmZDHPhTGtrMt16Pw=/0x0:2040x1360/1820x1213/filters:focal(857x517:1183x843)/cdn.vox-cdn.com/uploads/chorus_image/image/63989923/elon_musk_tesla_3036.0.jpg 1820w, https://cdn.vox-cdn.com/thumbor/amvj8mJQNXKHd8j8Vr52bJ_AFYk=/0x0:2040x1360/2120x1413/filters:focal(857x517:1183x843)/cdn.vox-cdn.com/uploads/chorus_image/image/63989923/elon_musk_tesla_3036.0.jpg 2120w, https://cdn.vox-cdn.com/thumbor/ZrpUUXRyt8R30mZKSo15nFJXQmE=/0x0:2040x1360/2420x1613/filters:focal(857x517:1183x843)/cdn.vox-cdn.com/uploads/chorus_image/image/63989923/elon_musk_tesla_3036.0.jpg 2420w\" alt=\"\" data-upload-width=\"2040\" /></picture></span></span></figure>\r\n<div class=\"c-entry-content \" style=\"box-sizing: border-box; text-decoration-line: inherit; vertical-align: inherit; font-family: Helvetica, sans-serif; font-size: 18px; line-height: inherit; margin: 0px 0px 1.2rem; padding: 0px; position: relative; color: #424242; background-color: #ffffff;\">\r\n<p id=\"JtpXdt\" style=\"box-sizing: border-box; text-decoration: inherit; vertical-align: inherit; font-family: inherit; font-style: inherit; line-height: inherit; margin: 0px 0px 1.2rem; padding: 0px;\">Horses were a somewhat unexpected theme at Tesla&rsquo;s annual shareholder meeting. After CEO Elon Musk suggested that owning a gas car would be the equivalent of using a horse to get around, a Tesla shareholder asked Musk if the company&rsquo;s announced pickup would have enough go power to haul her horse. &ldquo;I didn&rsquo;t mean to insult horses earlier,&rdquo; Musk replied. &ldquo;I love horses.&rdquo; (Yes, the planned pickup could haul her horse.)</p>\r\n<p id=\"w90Qyg\" style=\"box-sizing: border-box; text-decoration: inherit; vertical-align: inherit; font-family: inherit; font-style: inherit; line-height: inherit; margin: 0px 0px 1.2rem; padding: 0px;\">The shareholder meeting had some ups and downs &mdash; from a member of animal rights group PETA asking about vegan steering wheels to a discussion about Model 3 demand. The meeting comes at a time when Tesla&rsquo;s stock price is at a two-year low after falling almost continuously throughout 2019. The company suffered one of its&nbsp;<a style=\"box-sizing: border-box; text-decoration: inherit; vertical-align: inherit; font-family: inherit; font-size: inherit; font-style: inherit; line-height: inherit; margin: 0px; padding: 0px; background-color: transparent; color: #e5127d; transition: color 0.1s ease 0s, background-color 0.1s ease 0s, fill 0.1s ease 0s; border-bottom: 1px solid currentcolor;\" href=\"https://www.theverge.com/2019/4/24/18514427/tesla-q1-2019-loss-model-3-elon-musk-earnings\">worst quarterly losses ever</a>to start the year, has faced new scrutiny about the safety of its&nbsp;<a style=\"box-sizing: border-box; text-decoration: inherit; vertical-align: inherit; font-family: inherit; font-size: inherit; font-style: inherit; line-height: inherit; margin: 0px; padding: 0px; background-color: transparent; color: #e5127d; transition: color 0.1s ease 0s, background-color 0.1s ease 0s, fill 0.1s ease 0s; border-bottom: 1px solid currentcolor;\" href=\"https://www.theverge.com/2019/5/16/18627766/tesla-autopilot-fatal-crash-delray-florida-ntsb-model-3\">Autopilot driver assistance feature</a>, and endured&nbsp;<a style=\"box-sizing: border-box; text-decoration: inherit; vertical-align: inherit; font-family: inherit; font-size: inherit; font-style: inherit; line-height: inherit; margin: 0px; padding: 0px; background-color: transparent; color: #e5127d; transition: color 0.1s ease 0s, background-color 0.1s ease 0s, fill 0.1s ease 0s; border-bottom: 1px solid currentcolor;\" href=\"https://www.theverge.com/2019/5/16/18627746/tesla-fire-battery-software-update-model-s-x\">questions about recent battery fires</a>.</p>\r\n<div id=\"OxpNmV\" style=\"box-sizing: border-box; text-decoration: inherit; vertical-align: inherit; font-family: inherit; font-size: inherit; font-style: inherit; line-height: inherit; margin: 0px; padding: 0px;\">\r\n<div style=\"box-sizing: border-box; text-decoration: inherit; vertical-align: inherit; font-family: inherit; font-size: inherit; font-style: inherit; line-height: inherit; margin: 0px; padding: 0px; left: 0px; width: 739.922px; height: auto; position: relative;\">\r\n<div class=\"p-scalable-video\" style=\"box-sizing: border-box; text-decoration: inherit; vertical-align: inherit; font-family: inherit; font-size: inherit; font-style: inherit; line-height: inherit; margin: 0px 0px 1.2rem; padding: 416.203px 0px 0px; position: relative; height: 0px; width: 739.922px; background-color: #000000;\"><iframe style=\"box-sizing: border-box; text-decoration: inherit; vertical-align: inherit; font-family: inherit; font-size: inherit; font-style: inherit; line-height: inherit; margin: 0px; padding: 0px; border-width: initial; border-style: none; display: block; max-width: 100%; height: 416.203px; position: absolute; top: 0px; width: 739.922px;\" src=\"https://www.youtube.com/embed/Va5i42D13cI?rel=0\" scrolling=\"no\" allowfullscreen=\"\"></iframe></div>\r\n</div>\r\n</div>\r\n<p id=\"bT7NRE\" style=\"box-sizing: border-box; text-decoration: inherit; vertical-align: inherit; font-family: inherit; font-style: inherit; line-height: inherit; margin: 0px 0px 1.2rem; padding: 0px;\">Musk spent nearly an hour and a half updating shareholders on the company, and taking questions as well. Here are some of the highlights (besides, obviously, the horse chat):</p>\r\n<h2 id=\"YAUUAE\" style=\"box-sizing: border-box; text-decoration: inherit; vertical-align: inherit; font-family: Heroic, \'Arial Narrow\', Helvetica, sans-serif; font-size: calc(1.95312em); line-height: 1.2; margin: 0px 0px 0.6rem; padding: 0px; font-weight: 500; text-transform: uppercase;\">DEMAND</h2>\r\n<p id=\"dKSxbi\" style=\"box-sizing: border-box; text-decoration: inherit; vertical-align: inherit; font-family: inherit; font-style: inherit; line-height: inherit; margin: 0px 0px 1.2rem; padding: 0px;\">&ldquo;I want to be clear: there is not a demand problem,&rdquo; Musk said at the top of his presentation Tuesday. &ldquo;Absolutely not.&rdquo;</p>\r\n<p id=\"igDBNj\" style=\"box-sizing: border-box; text-decoration: inherit; vertical-align: inherit; font-family: inherit; font-style: inherit; line-height: inherit; margin: 0px 0px 1.2rem; padding: 0px;\">Wall Street analysts and industry experts have<a style=\"box-sizing: border-box; text-decoration: inherit; vertical-align: inherit; font-family: inherit; font-size: inherit; font-style: inherit; line-height: inherit; margin: 0px; padding: 0px; background-color: transparent; color: #e5127d; transition: color 0.1s ease 0s, background-color 0.1s ease 0s, fill 0.1s ease 0s; border-bottom: 1px solid currentcolor;\" href=\"https://www.theverge.com/2019/2/15/18213953/teslas-moder-3-new-costumers-europe-china\">&nbsp;questioned the demand</a>&nbsp;for Tesla&rsquo;s cars in 2019. This is largely because Tesla&rsquo;s cars are still fairly expensive. They&rsquo;re no longer eligible for the full federal EV tax credit, and the cheapest $35,000-version of the car&nbsp;<a style=\"box-sizing: border-box; text-decoration: inherit; vertical-align: inherit; font-family: inherit; font-size: inherit; font-style: inherit; line-height: inherit; margin: 0px; padding: 0px; background-color: transparent; color: #e5127d; transition: color 0.1s ease 0s, background-color 0.1s ease 0s, fill 0.1s ease 0s; border-bottom: 1px solid currentcolor;\" href=\"https://electrek.co/2019/05/14/tesla-model-3-increases-price/\">basically</a>&nbsp;never&nbsp;<a style=\"box-sizing: border-box; text-decoration: inherit; vertical-align: inherit; font-family: inherit; font-size: inherit; font-style: inherit; line-height: inherit; margin: 0px; padding: 0px; background-color: transparent; color: #e5127d; transition: color 0.1s ease 0s, background-color 0.1s ease 0s, fill 0.1s ease 0s; border-bottom: 1px solid currentcolor;\" href=\"https://www.theverge.com/2019/4/12/18307583/tesla-original-plan-tesla-model-3-base-model\">materialized</a>, meaning every one of Tesla&rsquo;s vehicles is sold&nbsp;<em style=\"box-sizing: border-box; text-decoration: inherit; vertical-align: inherit; font-family: inherit; font-size: inherit; line-height: inherit; margin: 0px; padding: 0px;\">above</em>&nbsp;the average transaction price in the US.</p>\r\n<div class=\"c-float-right\" style=\"box-sizing: border-box; text-decoration: inherit; vertical-align: inherit; font-family: inherit; font-size: inherit; font-style: inherit; line-height: inherit; margin: 0px 0px 0px 36.9844px; padding: 0px; float: right; width: 332.953px;\">\r\n<aside id=\"bCMZGT\" style=\"box-sizing: border-box; text-decoration: inherit; vertical-align: inherit; font-family: inherit; font-size: inherit; font-style: inherit; line-height: inherit; margin: 0px; padding: 0px;\"><q style=\"box-sizing: border-box; text-decoration: inherit; vertical-align: inherit; font-family: Heroic, \'Arial Narrow\', Helvetica, sans-serif; font-size: 2em; font-style: italic; line-height: 1; margin: 0px 0px 1.2rem; padding: 1rem 1.25rem 0px 0px; font-weight: 600; letter-spacing: 0.02em; text-transform: uppercase; color: #e5127d; display: block; position: relative;\">&ldquo;I WANT TO BE CLEAR: THERE IS NOT A DEMAND PROBLEM.&rdquo;</q></aside>\r\n</div>\r\n<p id=\"jw9Qr8\" style=\"box-sizing: border-box; text-decoration: inherit; vertical-align: inherit; font-family: inherit; font-style: inherit; line-height: inherit; margin: 0px 0px 1.2rem; padding: 0px;\">Even Musk said in January that &ldquo;the inhibitor&rdquo; to buying a Tesla is &ldquo;affordability&rdquo; because &ldquo;people literally don&rsquo;t have the money to buy the car.&rdquo;</p>\r\n<p id=\"vPDOlM\" style=\"box-sizing: border-box; text-decoration: inherit; vertical-align: inherit; font-family: inherit; font-style: inherit; line-height: inherit; margin: 0px 0px 1.2rem; padding: 0px;\">But Musk argued at the meeting that there is no demand problem, and that Tesla is still finding new customers. He said 90 percent of orders coming in are from customers who aren&rsquo;t holding a reservation for the Model 3, without giving specifics.</p>\r\n<p id=\"U0bChM\" style=\"box-sizing: border-box; text-decoration: inherit; vertical-align: inherit; font-family: inherit; font-style: inherit; line-height: inherit; margin: 0px 0px 1.2rem; padding: 0px;\">&ldquo;Sales have far exceeded production, and production has been pretty good,&rdquo; Musk said. &ldquo;So, we&rsquo;re actually doing well, and we have a decent shot at a record quarter on every level,&rdquo; he added, echoing a point he made in&nbsp;<a style=\"box-sizing: border-box; text-decoration: inherit; vertical-align: inherit; font-family: inherit; font-size: inherit; font-style: inherit; line-height: inherit; margin: 0px; padding: 0px; background-color: transparent; color: #e5127d; transition: color 0.1s ease 0s, background-color 0.1s ease 0s, fill 0.1s ease 0s; border-bottom: 1px solid currentcolor;\" href=\"https://www.theverge.com/2019/5/23/18637076/elon-musk-tesla-record-deliveries-good-chance-this-quarter-email-leak\">a recently-leaked all-staff email</a>. &ldquo;If not, it&rsquo;s going to be very close.&rdquo;</p>\r\n<p id=\"IsmBau\" style=\"box-sizing: border-box; text-decoration: inherit; vertical-align: inherit; font-family: inherit; font-style: inherit; line-height: inherit; margin: 0px 0px 1.2rem; padding: 0px;\">Tesla started shipping Model 3s to China and Europe at the beginning of the year. Both markets represent huge opportunities for the company, but issues with each rollout had some analysts worried. Tesla has also cut back production of the Model S and Model X, though it did just&nbsp;<a style=\"box-sizing: border-box; text-decoration: inherit; vertical-align: inherit; font-family: inherit; font-size: inherit; font-style: inherit; line-height: inherit; margin: 0px; padding: 0px; background-color: transparent; color: #e5127d; transition: color 0.1s ease 0s, background-color 0.1s ease 0s, fill 0.1s ease 0s; border-bottom: 1px solid currentcolor;\" href=\"https://www.theverge.com/2019/4/24/18513899/tesla-model-s-x-range-upgrade-270-325-miles-supercharger-200kw\">announce upgraded versions of those cars</a>&nbsp;that might be more attractive to buyers.</p>\r\n<h2 id=\"vfnVYO\" style=\"box-sizing: border-box; text-decoration: inherit; vertical-align: inherit; font-family: Heroic, \'Arial Narrow\', Helvetica, sans-serif; font-size: calc(1.95312em); line-height: 1.2; margin: 0px 0px 0.6rem; padding: 0px; font-weight: 500; text-transform: uppercase;\">MAXWELL TECHNOLOGIES ACQUISITION</h2>\r\n<p id=\"8Uw7J0\" style=\"box-sizing: border-box; text-decoration: inherit; vertical-align: inherit; font-family: inherit; font-style: inherit; line-height: inherit; margin: 0px 0px 1.2rem; padding: 0px;\">Tesla recently completed a months-long process of buying up&nbsp;<a style=\"box-sizing: border-box; text-decoration: inherit; vertical-align: inherit; font-family: inherit; font-size: inherit; font-style: inherit; line-height: inherit; margin: 0px; padding: 0px; background-color: transparent; color: #e5127d; transition: color 0.1s ease 0s, background-color 0.1s ease 0s, fill 0.1s ease 0s; border-bottom: 1px solid currentcolor;\" href=\"https://electrek.co/2019/05/16/tesla-completes-maxwell-acquisition-battery-technology/\">battery tech company Maxwell Technologies</a>. There&rsquo;s been a ton of speculation as to what, exactly, Tesla believes Maxwell has to offer, but the company had been tight-lipped while the deal was still closing.</p>\r\n<p id=\"8oBmyj\" style=\"box-sizing: border-box; text-decoration: inherit; vertical-align: inherit; font-family: inherit; font-style: inherit; line-height: inherit; margin: 0px 0px 1.2rem; padding: 0px;\">In response to a question at Tuesday&rsquo;s shareholder meeting, though, Musk finally gave the beginnings of an answer, calling the acquisition &ldquo;quite strategic.&rdquo; He&rsquo;s saving full details for when Tesla holds a &ldquo;battery and powertrain investor day&rdquo; (a follow-on event to the recent &ldquo;<a style=\"box-sizing: border-box; text-decoration: inherit; vertical-align: inherit; font-family: inherit; font-size: inherit; font-style: inherit; line-height: inherit; margin: 0px; padding: 0px; background-color: transparent; color: #e5127d; transition: color 0.1s ease 0s, background-color 0.1s ease 0s, fill 0.1s ease 0s; border-bottom: 1px solid currentcolor;\" href=\"https://www.theverge.com/2019/4/22/18510828/tesla-elon-musk-autonomy-day-investor-comments-self-driving-cars-predictions\">autonomy investor day</a>&rdquo;), but Musk said Maxwell had developed some &ldquo;very important technologies&rdquo; that he believes will make it cheaper and easier to quickly scale up production of lithium-ion battery cell production.</p>\r\n<p id=\"Gqzi03\" style=\"box-sizing: border-box; text-decoration: inherit; vertical-align: inherit; font-family: inherit; font-style: inherit; line-height: inherit; margin: 0px 0px 1.2rem; padding: 0px;\">That could be a huge boon for Tesla, as Musk also said at the meeting that the biggest thing standing in the way of the company&rsquo;s growth is battery production.</p>\r\n<h2 id=\"yvcXBD\" style=\"box-sizing: border-box; text-decoration: inherit; vertical-align: inherit; font-family: Heroic, \'Arial Narrow\', Helvetica, sans-serif; font-size: calc(1.95312em); line-height: 1.2; margin: 0px 0px 0.6rem; padding: 0px; font-weight: 500; text-transform: uppercase;\">TESLA PICKUP TRUCK</h2>\r\n<p id=\"oNhFDb\" style=\"box-sizing: border-box; text-decoration: inherit; vertical-align: inherit; font-family: inherit; font-style: inherit; line-height: inherit; margin: 0px 0px 1.2rem; padding: 0px;\">Musk has expressed his love for the forthcoming Tesla pickup truck again and again, and so it&rsquo;s no surprise he repeated that sentiment at the shareholder meeting. &ldquo;I think it&rsquo;s the coolest car I&rsquo;ve ever seen, to be frank,&rdquo; he said. Musk echoed previous claims about how the truck will look &ldquo;cyberpunk&rdquo; and like it&rsquo;s come from a &ldquo;sci-fi movie.&rdquo;</p>\r\n<p id=\"ulGWjg\" style=\"box-sizing: border-box; text-decoration: inherit; vertical-align: inherit; font-family: inherit; font-style: inherit; line-height: inherit; margin: 0px 0px 1.2rem; padding: 0px;\">Tesla didn&rsquo;t reveal any images of the truck Tuesday, save for a very indistinguishable teaser. But the pickup truck will be revealed sometime later this summer, &ldquo;hopefully,&rdquo; Musk said, which clarified previous comments about Tesla&rsquo;s plan to unveil the vehicle. Musk reiterated that the Tesla pickup will be more functional than a Ford F-150 but also a better sports car than a basic Porsche 911. (He&rsquo;s also said he wants it to start at&nbsp;<a style=\"box-sizing: border-box; text-decoration: inherit; vertical-align: inherit; font-family: inherit; font-size: inherit; font-style: inherit; line-height: inherit; margin: 0px; padding: 0px; background-color: transparent; color: #e5127d; transition: color 0.1s ease 0s, background-color 0.1s ease 0s, fill 0.1s ease 0s; border-bottom: 1px solid currentcolor;\" href=\"https://electrek.co/2019/06/02/tesla-pickup-truck-price-f150-elon-musk/\">less than $50,000</a>.) Also, it&rsquo;s tough enough to haul a horse.</p>\r\n<p id=\"VUDy1J\" style=\"box-sizing: border-box; text-decoration: inherit; vertical-align: inherit; font-family: inherit; font-style: inherit; line-height: inherit; margin: 0px 0px 1.2rem; padding: 0px;\">&ldquo;We&rsquo;re trying to create something new and it&rsquo;s, it&rsquo;s not just basically a copy of the form factor of everything else,&rdquo; he said. &ldquo;But you still want it to be great. It&rsquo;s very hard. This is a very hard thing.&rdquo;</p>\r\n<h2 id=\"x3AhB9\" style=\"box-sizing: border-box; text-decoration: inherit; vertical-align: inherit; font-family: Heroic, \'Arial Narrow\', Helvetica, sans-serif; font-size: calc(1.95312em); line-height: 1.2; margin: 0px 0px 0.6rem; padding: 0px; font-weight: 500; text-transform: uppercase;\">TESLA... MINING COMPANY?</h2>\r\n<p id=\"ffVEwW\" style=\"box-sizing: border-box; text-decoration: inherit; vertical-align: inherit; font-family: inherit; font-style: inherit; line-height: inherit; margin: 0px 0px 1.2rem; padding: 0px;\">The pickup truck, as well as the other products in Tesla&rsquo;s pipeline, like the second-generation Roadster and the Tesla Semi, aren&rsquo;t going to come to fruition unless Tesla can find a way to build more batteries, Musk said. Part of the plan to make that happen is to keep opening Gigafactories around the world. But even that will only go so far to help meet the company&rsquo;s hunger for batteries, and so Musk said he&rsquo;s considering moving Tesla further into the lithium-ion battery supply chain.</p>\r\n<div class=\"c-float-left\" style=\"box-sizing: border-box; text-decoration: inherit; vertical-align: inherit; font-family: inherit; font-size: inherit; font-style: inherit; line-height: inherit; margin: 0px 36.9844px 0px 0px; padding: 0px; float: left; width: 332.953px;\">\r\n<aside id=\"bcwoU0\" style=\"box-sizing: border-box; text-decoration: inherit; vertical-align: inherit; font-family: inherit; font-size: inherit; font-style: inherit; line-height: inherit; margin: 0px; padding: 0px;\"><q style=\"box-sizing: border-box; text-decoration: inherit; vertical-align: inherit; font-family: Heroic, \'Arial Narrow\', Helvetica, sans-serif; font-size: 2em; font-style: italic; line-height: 1; margin: 0px 0px 1.2rem; padding: 1rem 1.25rem 0px 0px; font-weight: 600; letter-spacing: 0.02em; text-transform: uppercase; color: #e5127d; display: block; position: relative;\">&ldquo;WE MIGHT GET INTO THE MINING BUSINESS.&rdquo;</q></aside>\r\n</div>\r\n<p id=\"Z2UTYr\" style=\"box-sizing: border-box; text-decoration: inherit; vertical-align: inherit; font-family: inherit; font-style: inherit; line-height: inherit; margin: 0px 0px 1.2rem; padding: 0px;\">&ldquo;We might get into the mining business, I don&rsquo;t know, maybe a little bit at least,&rdquo; he said. &ldquo;We&rsquo;ll do whatever we have to to ensure that we can scale at the fastest rate possible.&rdquo;</p>\r\n<p id=\"VVkeMy\" style=\"box-sizing: border-box; text-decoration: inherit; vertical-align: inherit; font-family: inherit; font-style: inherit; line-height: inherit; margin: 0px 0px 1.2rem; padding: 0px;\">Tesla&rsquo;s whole thing is vertical integration &mdash; the Gigafactory in Nevada is designed to ultimately be able to take raw materials in one end and and roll cars out the other, though it&rsquo;s still&nbsp;<a style=\"box-sizing: border-box; text-decoration: inherit; vertical-align: inherit; font-family: inherit; font-size: inherit; font-style: inherit; line-height: inherit; margin: 0px; padding: 0px; background-color: transparent; color: #e5127d; transition: color 0.1s ease 0s, background-color 0.1s ease 0s, fill 0.1s ease 0s; border-bottom: 1px solid currentcolor;\" href=\"https://www.theverge.com/transportation/2018/11/30/18118451/tesla-gigafactory-nevada-video-elon-musk-jobs-model-3\">a ways away from that goal</a>. Getting into mining could certainly help complete that vision, while also securing materials in&nbsp;<a style=\"box-sizing: border-box; text-decoration: inherit; vertical-align: inherit; font-family: inherit; font-size: inherit; font-style: inherit; line-height: inherit; margin: 0px; padding: 0px; background-color: transparent; color: #e5127d; transition: color 0.1s ease 0s, background-color 0.1s ease 0s, fill 0.1s ease 0s; border-bottom: 1px solid currentcolor;\" href=\"https://qz.com/africa/1178440/apple-tesla-volkswagen-to-pay-more-for-cobalt-batteries-if-dr-congo-ups-mining-taxes/\">what is turning out</a>&nbsp;to be a&nbsp;<a style=\"box-sizing: border-box; text-decoration: inherit; vertical-align: inherit; font-family: inherit; font-size: inherit; font-style: inherit; line-height: inherit; margin: 0px; padding: 0px; background-color: transparent; color: #e5127d; transition: color 0.1s ease 0s, background-color 0.1s ease 0s, fill 0.1s ease 0s; border-bottom: 1px solid currentcolor;\" href=\"https://www.bloomberg.com/news/features/2019-06-03/lithium-miners-australia-chile-see-riches-as-ev-battery-makers\">pretty volatile market</a>&nbsp;as more electric vehicles get built every year.</p>\r\n<h2 id=\"ehizLJ\" style=\"box-sizing: border-box; text-decoration: inherit; vertical-align: inherit; font-family: Heroic, \'Arial Narrow\', Helvetica, sans-serif; font-size: calc(1.95312em); line-height: 1.2; margin: 0px 0px 0.6rem; padding: 0px; font-weight: 500; text-transform: uppercase;\">TESLA INSURANCE</h2>\r\n<p id=\"QzETv9\" style=\"box-sizing: border-box; text-decoration: inherit; vertical-align: inherit; font-family: inherit; font-style: inherit; line-height: inherit; margin: 0px 0px 1.2rem; padding: 0px;\">Musk announced on a conference call in April that Tesla is going to&nbsp;<a style=\"box-sizing: border-box; text-decoration: inherit; vertical-align: inherit; font-family: inherit; font-size: inherit; font-style: inherit; line-height: inherit; margin: 0px; padding: 0px; background-color: transparent; color: #e5127d; transition: color 0.1s ease 0s, background-color 0.1s ease 0s, fill 0.1s ease 0s; border-bottom: 1px solid currentcolor;\" href=\"https://electrek.co/2019/04/24/tesla-launch-insurance-program-elon-musk/\">start offering insurance to its customers</a>, and said it &ldquo;will be more compelling than anything else&rdquo; on the market, since the company has more direct access to its cars&rsquo; (and therefore its drivers&rsquo;) data. But in response to a question about what is holding up the offering, Musk said Tesla has &ldquo;a small acquisition that we need to complete, and a bit of software to write.&rdquo;</p>\r\n<p id=\"9oOIwR\" style=\"box-sizing: border-box; text-decoration: inherit; vertical-align: inherit; font-family: inherit; font-style: inherit; line-height: inherit; margin: 0px 0px 1.2rem; padding: 0px;\">He didn&rsquo;t specify what company Tesla might be buying, but reassured shareholders that &ldquo;it won&rsquo;t be long before&rdquo; Tesla starts offering insurance.</p>\r\n<h2 id=\"XTUdsi\" style=\"box-sizing: border-box; text-decoration: inherit; vertical-align: inherit; font-family: Heroic, \'Arial Narrow\', Helvetica, sans-serif; font-size: calc(1.95312em); line-height: 1.2; margin: 0px 0px 0.6rem; padding: 0px; font-weight: 500; text-transform: uppercase;\">SOLAR ROOF</h2>\r\n<p id=\"Hg9sef\" style=\"box-sizing: border-box; text-decoration: inherit; vertical-align: inherit; font-family: inherit; font-style: inherit; line-height: inherit; margin: 0px 0px 1.2rem; padding: 0px;\">Tesla unveiled its&nbsp;<a style=\"box-sizing: border-box; text-decoration: inherit; vertical-align: inherit; font-family: inherit; font-size: inherit; font-style: inherit; line-height: inherit; margin: 0px; padding: 0px; background-color: transparent; color: #e5127d; transition: color 0.1s ease 0s, background-color 0.1s ease 0s, fill 0.1s ease 0s; border-bottom: 1px solid currentcolor;\" href=\"https://www.theverge.com/2016/10/28/13463236/tesla-solar-roof-battery-new-elon-musk\">solar roof tiles all the way back in 2016</a>, right around the time that the company was buying Solar City. They still aren&rsquo;t much of a commercial product. They&rsquo;re being deployed in eight states, Musk said Tuesday, but he added that making them is &ldquo;quite a hard problem.&rdquo;</p>\r\n<p id=\"tczzah\" style=\"box-sizing: border-box; text-decoration: inherit; vertical-align: inherit; font-family: inherit; font-style: inherit; line-height: inherit; margin: 0px 0px 1.2rem; padding: 0px;\">Tesla is working on a third iteration of the tiles, which Musk said he&rsquo;s &ldquo;really excited about,&rdquo; and that the company has &ldquo;a shot&rdquo; at bringing the cost of a full solar roof down to that of a normal, shingled version plus the cost of utilities.</p>\r\n<p id=\"cgVGLB\" style=\"box-sizing: border-box; text-decoration: inherit; vertical-align: inherit; font-family: inherit; font-style: inherit; line-height: inherit; margin: 0px 0px 1.2rem; padding: 0px;\">Drew Baglino, Tesla&rsquo;s vice president of technology, said his team &ldquo;is super motivated by that goal, and we think we can achieve it,&rdquo; before clarifying that they are &ldquo;laser focused&rdquo; on matching that cost.</p>\r\n<div class=\"c-float-right\" style=\"box-sizing: border-box; text-decoration: inherit; vertical-align: inherit; font-family: inherit; font-size: inherit; font-style: inherit; line-height: inherit; margin: 0px 0px 0px 36.9844px; padding: 0px; float: right; width: 332.953px;\">\r\n<aside id=\"N0ucjN\" style=\"box-sizing: border-box; text-decoration: inherit; vertical-align: inherit; font-family: inherit; font-size: inherit; font-style: inherit; line-height: inherit; margin: 0px; padding: 0px;\"><q style=\"box-sizing: border-box; text-decoration: inherit; vertical-align: inherit; font-family: Heroic, \'Arial Narrow\', Helvetica, sans-serif; font-size: 2em; font-style: italic; line-height: 1; margin: 0px 0px 1.2rem; padding: 1rem 1.25rem 0px 0px; font-weight: 600; letter-spacing: 0.02em; text-transform: uppercase; color: #e5127d; display: block; position: relative;\">&ldquo;THERE&rsquo;S A LOT OF COMPLEXITY IN PARKING LOTS.&rdquo;</q></aside>\r\n</div>\r\n<p id=\"zzLCck\" style=\"box-sizing: border-box; text-decoration: inherit; vertical-align: inherit; font-family: inherit; font-style: inherit; line-height: inherit; margin: 0px 0px 1.2rem; padding: 0px;\">&ldquo;I&rsquo;ve had a number of meetings with with Drew, where I&rsquo;m like banging the table, [saying] &lsquo;Damn it, we&rsquo;ve got to achieve this,&rsquo;&rdquo; Musk added, to laughs from the room.</p>\r\n<h2 id=\"EZ83vv\" style=\"box-sizing: border-box; text-decoration: inherit; vertical-align: inherit; font-family: Heroic, \'Arial Narrow\', Helvetica, sans-serif; font-size: calc(1.95312em); line-height: 1.2; margin: 0px 0px 0.6rem; padding: 0px; font-weight: 500; text-transform: uppercase;\">ADVANCED SUMMON</h2>\r\n<p id=\"6OuPDn\" style=\"box-sizing: border-box; text-decoration: inherit; vertical-align: inherit; font-family: inherit; font-style: inherit; line-height: inherit; margin: 0px 0px 1.2rem; padding: 0px;\">Tesla has been nearing the rollout of a feature called &ldquo;Advanced Summon&rdquo; for a while now, where owners will be able to tap a button in the company&rsquo;s app and summon their car to them. The car will navigate parking lots and pedestrians all by itself.</p>\r\n<p id=\"bMjagO\" style=\"box-sizing: border-box; text-decoration: inherit; vertical-align: inherit; font-family: inherit; font-style: inherit; line-height: inherit; margin: 0px 0px 1.2rem; padding: 0px;\">Musk offered an update on the rollout of the feature Tuesday. &ldquo;We&rsquo;re making steady improvements to it. It&rsquo;s close to being amazing. It&rsquo;s not quite there but it&rsquo;s close,&rdquo; he said. &ldquo;There&rsquo;s a lot of complexity in parking lots.&rdquo;</p>\r\n<div style=\"box-sizing: border-box; text-decoration: inherit; vertical-align: inherit; font-family: inherit; font-size: inherit; font-style: inherit; line-height: inherit; margin: 0px; padding: 0px;\">\r\n<aside id=\"8PV1Bx\" style=\"box-sizing: border-box; text-decoration: inherit; vertical-align: inherit; font-family: inherit; font-size: inherit; font-style: inherit; line-height: inherit; margin: 0px; padding: 0px;\"><q style=\"box-sizing: border-box; text-decoration: inherit; vertical-align: inherit; font-family: Heroic, \'Arial Narrow\', Helvetica, sans-serif; font-size: 2em; font-style: italic; line-height: 1; margin: 0px 0px 1.2rem; padding: 1rem 1.25rem 0px 0px; font-weight: 600; letter-spacing: 0.02em; text-transform: uppercase; color: #e5127d; display: block; position: relative;\">&ldquo;I&rsquo;M SOMETIMES A LITTLE OPTIMISTIC ABOUT TIMEFRAMES.&rdquo;</q></aside>\r\n</div>\r\n<p id=\"LAzpgi\" style=\"box-sizing: border-box; text-decoration: inherit; vertical-align: inherit; font-family: inherit; font-style: inherit; line-height: inherit; margin: 0px 0px 1.2rem; padding: 0px;\">Musk said he wants to make sure Advanced Summon is safe before rolling it out widely. &ldquo;We don&rsquo;t want to like, run someone over,&rdquo; he said. &ldquo;The threshold is, is it more convenient to summon your car, or walk your car, and if it&rsquo;s more convenient to walk, summon is not that useful. So it has to move reasonably fast.&rdquo;</p>\r\n<p id=\"9SyVmC\" style=\"box-sizing: border-box; text-decoration: inherit; vertical-align: inherit; font-family: inherit; font-style: inherit; line-height: inherit; margin: 0px 0px 1.2rem; padding: 0px;\">Advanced Summon was supposed to be available by now, according to Musk himself. But the Tesla CEO shied from putting a time frame on a full rollout. &ldquo;I&rsquo;m sometimes a little optimistic about timeframes,&rdquo; he said. &ldquo;It&rsquo;s time you knew.&rdquo;</p>\r\n<h2 id=\"DVUPYP\" style=\"box-sizing: border-box; text-decoration: inherit; vertical-align: inherit; font-family: Heroic, \'Arial Narrow\', Helvetica, sans-serif; font-size: calc(1.95312em); line-height: 1.2; margin: 0px 0px 0.6rem; padding: 0px; font-weight: 500; text-transform: uppercase;\">MUSK VERSUS THE MEDIA</h2>\r\n<p id=\"ea5BHX\" style=\"box-sizing: border-box; text-decoration: inherit; vertical-align: inherit; font-family: inherit; font-style: inherit; line-height: inherit; margin: 0px 0px 1.2rem; padding: 0px;\">Musk is known for hectoring the media&rsquo;s coverage of Tesla, and by the end of this year&rsquo;s shareholder meeting it had become a persistent topic that threaded through multiple questions.</p>\r\n<p id=\"Do9plL\" style=\"box-sizing: border-box; text-decoration: inherit; vertical-align: inherit; font-family: inherit; font-style: inherit; line-height: inherit; margin: 0px 0px 1.2rem; padding: 0px;\">When asked how Tesla can make sure its status as a &ldquo;true Great American success story gets told,&rdquo; Musk responded that &ldquo;it&rsquo;s very distressing, it makes me sad. I&rsquo;m not sure what to do about it.&rdquo;</p>\r\n<p id=\"UV7rzg\" style=\"box-sizing: border-box; text-decoration: inherit; vertical-align: inherit; font-family: inherit; font-style: inherit; line-height: inherit; margin: 0px 0px 1.2rem; padding: 0px;\">Musk said Tesla does provide &ldquo;rebuttals&rdquo; to stories it perceives to be negative, but that the responses get &ldquo;buried.&rdquo;</p>\r\n<p id=\"t04EnX\" style=\"box-sizing: border-box; text-decoration: inherit; vertical-align: inherit; font-family: inherit; font-style: inherit; line-height: inherit; margin: 0px 0px 1.2rem; padding: 0px;\">&ldquo;It&rsquo;s the most crazy disinformation campaign I&rsquo;ve ever seen,&rdquo; Musk said.</p>\r\n<p id=\"axJNqV\" style=\"box-sizing: border-box; text-decoration: inherit; vertical-align: inherit; font-family: inherit; font-style: inherit; line-height: inherit; margin: 0px 0px 1.2rem; padding: 0px;\">One shareholder proposed Musk turn to media moguls like Michael Bloomberg and Arianna Huffington to find a better way to get the company&rsquo;s message out, which Musk said was a &ldquo;good idea.&rdquo;</p>\r\n<p id=\"fk9X3w\" style=\"box-sizing: border-box; text-decoration: inherit; vertical-align: inherit; font-family: inherit; font-style: inherit; line-height: inherit; margin: 0px 0px 1.2rem; padding: 0px;\">But, Musk added that be believes there&rsquo;s been &ldquo;quite a few negative articles in&nbsp;<em style=\"box-sizing: border-box; text-decoration: inherit; vertical-align: inherit; font-family: inherit; font-size: inherit; line-height: inherit; margin: 0px; padding: 0px;\">Bloomberg</em>.&rdquo;</p>\r\n<p id=\"8cr1VD\" style=\"box-sizing: border-box; text-decoration: inherit; vertical-align: inherit; font-family: inherit; font-style: inherit; line-height: inherit; margin: 0px 0px 1.2rem; padding: 0px;\">Another shareholder asked Musk why he doesn&rsquo;t spend money on marketing or advertising, something the company famously avoids.</p>\r\n<p id=\"BiJFcP\" style=\"box-sizing: border-box; text-decoration: inherit; vertical-align: inherit; font-family: inherit; font-style: inherit; line-height: inherit; margin: 0px 0px 1.2rem; padding: 0px;\">&ldquo;Currently, we are selling more cars than we can make,&rdquo; Musk said. &ldquo;Spending money on advertising would make things worse financially.&rdquo; Musk also added that he believes there&rsquo;s &ldquo;just too much trickery in advertising.&rdquo;</p>\r\n<h2 id=\"um9tM1\" style=\"box-sizing: border-box; text-decoration: inherit; vertical-align: inherit; font-family: Heroic, \'Arial Narrow\', Helvetica, sans-serif; font-size: calc(1.95312em); line-height: 1.2; margin: 0px 0px 0.6rem; padding: 0px; font-weight: 500; text-transform: uppercase;\">WELCOME, ROBYN DENHOLM</h2>\r\n<p id=\"FlS5MR\" style=\"box-sizing: border-box; text-decoration: inherit; vertical-align: inherit; font-family: inherit; font-style: inherit; line-height: inherit; margin: 0px 0px 1.2rem; padding: 0px;\">Robyn Denholm was appointed&nbsp;<a style=\"box-sizing: border-box; text-decoration: inherit; vertical-align: inherit; font-family: inherit; font-size: inherit; font-style: inherit; line-height: inherit; margin: 0px; padding: 0px; background-color: transparent; color: #e5127d; transition: color 0.1s ease 0s, background-color 0.1s ease 0s, fill 0.1s ease 0s; border-bottom: 1px solid currentcolor;\" href=\"https://www.theverge.com/2018/11/8/18074800/tesla-new-chair-2018-robyn-denholm-elon-musk\">late last year to replace Musk</a>&nbsp;as chair of Tesla&rsquo;s board of directors, and she has given statements about the company in the time since. But this was the first time she&rsquo;s stood up in front of a crowd and represented the company so fully, and so this was the public&rsquo;s first good chance to see how she handles herself at Tesla. (She recently completed the process of stepping down from&nbsp;<a style=\"box-sizing: border-box; text-decoration: inherit; vertical-align: inherit; font-family: inherit; font-size: inherit; font-style: inherit; line-height: inherit; margin: 0px; padding: 0px; background-color: transparent; color: #e5127d; transition: color 0.1s ease 0s, background-color 0.1s ease 0s, fill 0.1s ease 0s; border-bottom: 1px solid currentcolor;\" href=\"https://www.afr.com/business/telecommunications/telstra-reveals-cfo-replacement-for-robyn-denholm-20190409-p51chy\">her other company, Telstra</a>.)</p>\r\n<p id=\"wRwvWv\" style=\"box-sizing: border-box; text-decoration: inherit; vertical-align: inherit; font-family: inherit; font-style: inherit; line-height: inherit; margin: 0px 0px 1.2rem; padding: 0px;\">Her first address to the company&rsquo;s shareholders was a mix of humor and reinforcement. She joked about having to run through the &ldquo;boring&rdquo; part of the night (taking votes on shareholder proposals) before getting to Musk&rsquo;s presentation and the Q&amp;A session, which she said was &ldquo;always a highlight of the stockholders meeting.&rdquo;</p>\r\n<p id=\"2sXCEa\" style=\"box-sizing: border-box; text-decoration: inherit; vertical-align: inherit; font-family: inherit; font-style: inherit; line-height: inherit; margin: 0px 0px 1.2rem; padding: 0px;\">But Denholm was sincere, too, about the support the company&rsquo;s gotten despite myriad struggles. &ldquo;I would like to start today&rsquo;s meeting by thanking you, our investors, our shareholders, for the tremendous support that you&rsquo;ve given Tesla not just over the last 12 months, but also over the last many years,&rdquo; she said. &ldquo;When you&rsquo;re changing the world, and many industries in the process, you need to have a certain amount of intestinal fortitude as an investor. And when I speak to many of you, as shareholders, you have that in spades.&rdquo;</p>\r\n<p id=\"L95tVo\" style=\"box-sizing: border-box; text-decoration: inherit; vertical-align: inherit; font-family: inherit; font-style: inherit; line-height: inherit; margin: 0px 0px 1.2rem; padding: 0px;\">&ldquo;I am incredibly honored to be your chair,&rdquo; she said.</p>\r\n<p id=\"SWqUsu\" style=\"box-sizing: border-box; text-decoration: inherit; vertical-align: inherit; font-family: inherit; font-style: inherit; line-height: inherit; margin: 0px 0px 1.2rem; padding: 0px;\"><em style=\"box-sizing: border-box; text-decoration: inherit; vertical-align: inherit; font-family: inherit; font-size: inherit; line-height: inherit; margin: 0px; padding: 0px;\"><span style=\"box-sizing: border-box; text-decoration: inherit; vertical-align: inherit; font-family: inherit; font-size: inherit; font-style: inherit; line-height: inherit; margin: 0px; padding: 0px; font-weight: bold;\">Correction</span></em><em style=\"box-sizing: border-box; text-decoration: inherit; vertical-align: inherit; font-family: inherit; font-size: inherit; line-height: inherit; margin: 0px; padding: 0px;\">: This article mistakenly stated that Tesla&rsquo;s cars aren&rsquo;t eligible for the federal EV tax credit. They are no longer eligible for the full tax credit, but buyers can still receive half the $7,500 value until July 1st, and half again until the end of the year. The article has been updated.</em></p>\r\n</div>','Gonna take my Tesla to the old town road...',4),(8,'Everything we think we know about the Pixel 4, from Google’s Pixel 4 reveal',9,'2019-06-13',NULL,1,'<h3 id=\"luzfPo\" style=\"box-sizing: border-box; text-decoration-line: inherit; vertical-align: inherit; font-family: Heroic, \'Arial Narrow\', Helvetica, sans-serif; font-size: calc(1.5625em); line-height: 1.2; margin: 0px 0px 0.6rem; padding: 0px; font-weight: 500; text-transform: uppercase; color: #424242; background-color: #ffffff;\">DUAL CAMERAS</h3>\r\n<p id=\"pyYKTy\" style=\"box-sizing: border-box; text-decoration-line: inherit; vertical-align: inherit; font-family: Helvetica, sans-serif; font-size: 18px; line-height: inherit; margin: 0px 0px 1.2rem; padding: 0px; color: #424242; background-color: #ffffff;\">Let&rsquo;s start with the biggest one: there are two cameras very clearly positioned in the middle of that bulbous square popping out of the back of the phone.<em style=\"box-sizing: border-box; text-decoration: inherit; vertical-align: inherit; font-family: inherit; font-size: inherit; line-height: inherit; margin: 0px; padding: 0px;\">&nbsp;</em>Google has made a point in recent years of differentiating the Pixel by sticking with a single rear camera, yet still managing to pull off impressive tricks like portrait mode shots. But just about every high-end competitor now has two (<a style=\"box-sizing: border-box; text-decoration: inherit; vertical-align: inherit; font-family: inherit; font-size: inherit; font-style: inherit; line-height: inherit; margin: 0px; padding: 0px; background-color: transparent; color: #e5127d; transition: color 0.1s ease 0s, background-color 0.1s ease 0s, fill 0.1s ease 0s; border-bottom: 1px solid currentcolor;\" href=\"https://www.theverge.com/2019/3/1/18245446/samsung-galaxy-s10-plus-android-phone-review-price-specs-features\">if not</a>&nbsp;<a style=\"box-sizing: border-box; text-decoration: inherit; vertical-align: inherit; font-family: inherit; font-size: inherit; font-style: inherit; line-height: inherit; margin: 0px; padding: 0px; background-color: transparent; color: #e5127d; transition: color 0.1s ease 0s, background-color 0.1s ease 0s, fill 0.1s ease 0s; border-bottom: 1px solid currentcolor;\" href=\"https://www.theverge.com/2019/4/10/18285123/huawei-p30-pro-review-periscope-camera-zoom-android-phone\">more</a>) cameras on the back of their flagship phones, and there are some things &mdash; like focal length &mdash; that just can&rsquo;t be precisely recreated using software magic.</p>\r\n<div id=\"3v5pUO\" style=\"box-sizing: border-box; text-decoration-line: inherit; vertical-align: inherit; font-family: Helvetica, sans-serif; font-size: 18px; line-height: inherit; margin: 0px; padding: 0px; color: #424242; background-color: #ffffff;\">\r\n<div class=\"SandboxRoot env-bp-350\" style=\"max-height: 10000px; direction: ltr; background: 0px 0px; font-variant-numeric: normal; font-variant-east-asian: normal; font-stretch: normal; font-size: 16px; line-height: 1.4; font-family: Helvetica, Roboto, \'Segoe UI\', Calibri, sans-serif; color: #1c2022; white-space: initial; position: relative;\" data-twitter-event-id=\"0\">\r\n<div id=\"twitter-widget-0\" class=\"EmbeddedTweet EmbeddedTweet--cta EmbeddedTweet--mediaForward media-forward js-clickToOpenTarget js-tweetIdInfo tweet-InformationCircle-widgetParent\" lang=\"en\" style=\"overflow: hidden; cursor: pointer; border: 0px; border-radius: 5px; max-width: 520px; position: relative;\" data-click-to-open-target=\"https://twitter.com/madebygoogle/status/1138876305158500353\" data-iframe-title=\"Twitter Tweet\" data-scribe=\"page:tweet\" data-tweet-id=\"1138876305158500353\" data-twitter-event-id=\"1\">\r\n<article class=\"MediaCard\r\n           MediaCard--mediaForward\r\n           \r\n           customisable-border\" dir=\"ltr\" data-scribe=\"component:card\">\r\n<div class=\"MediaCard-media\" style=\"position: relative; width: 500px; overflow: hidden; background-color: #f5f8fa;\" data-scribe=\"element:photo\"><a class=\"MediaCard-borderOverlay\" style=\"background-color: transparent; color: #2b7bb9; text-decoration-line: none; position: absolute; top: 0px; left: 0px; z-index: 10; width: 500px; height: 250px; border: 1px solid rgba(225, 232, 237, 0.75); border-radius: 4px 4px 0px 0px; box-sizing: border-box; outline: 0px;\" tabindex=\"-1\" title=\"View image on Twitter\" role=\"presentation\" href=\"https://twitter.com/madebygoogle/status/1138876305158500353/photo/1\"><span class=\"u-hiddenVisually\" style=\"position: absolute !important; overflow: hidden !important; width: 1px !important; height: 1px !important; padding: 0px !important; border: 0px !important; clip: rect(1px, 1px, 1px, 1px) !important;\">View image on Twitter</span></a>\r\n<div class=\"MediaCard-widthConstraint js-cspForcedStyle\" style=\"max-width: 1024px; margin: 0px auto;\" data-style=\"max-width: 1024px\">\r\n<div class=\"MediaCard-mediaContainer js-cspForcedStyle\" style=\"position: relative; padding-bottom: 250px;\" data-style=\"padding-bottom: 50.0000%\"><a class=\"MediaCard-mediaAsset NaturalImage\" style=\"background-color: #ffffff; color: #2b7bb9; text-decoration-line: none; position: absolute; display: block; top: 0px; left: 0px; width: 500px; height: 250px; line-height: 0; transition: opacity 0.5s ease 0s; outline: 0px;\" href=\"https://twitter.com/madebygoogle/status/1138876305158500353/photo/1\"><img class=\"NaturalImage-image\" style=\"border: 0px; max-width: 100%; line-height: 0; height: auto;\" title=\"View image on Twitter\" src=\"https://pbs.twimg.com/media/D84Zw6UUYAACz7j?format=jpg&amp;name=small\" alt=\"View image on Twitter\" width=\"1024\" height=\"512\" data-image=\"https://pbs.twimg.com/media/D84Zw6UUYAACz7j\" /></a></div>\r\n</div>\r\n</div>\r\n</article>\r\n<div class=\"EmbeddedTweet-tweetContainer\">\r\n<div class=\"EmbeddedTweet-tweet\" style=\"padding: 14.4px 20px 10px; border-style: solid solid none; border-image: initial; border-radius: 0px; border-width: 0px 1px initial 1px; border-color: #e1e8ed #e1e8ed initial #e1e8ed;\">\r\n<blockquote class=\"Tweet h-entry js-tweetIdInfo subject expanded\" style=\"margin: 0px; padding: 0px; list-style: none; border: none;\" cite=\"https://twitter.com/madebygoogle/status/1138876305158500353\" data-tweet-id=\"1138876305158500353\" data-scribe=\"section:subject\">\r\n<div class=\"Tweet-header\" style=\"display: flex;\"><a class=\"TweetAuthor-avatar  Identity-avatar u-linkBlend\" style=\"background-color: transparent; text-decoration: inherit; -webkit-box-flex: 0; flex: 0 0 auto; height: 36px; margin-right: 9px; outline: 0px; font-weight: inherit;\" href=\"https://twitter.com/madebygoogle\" data-scribe=\"element:user_link\" aria-label=\"Made by Google (screen name: madebygoogle)\"><img class=\"Avatar\" style=\"border: 0px; max-width: 100%; max-height: 100%; border-radius: 50%;\" src=\"https://pbs.twimg.com/profile_images/781203065454022674/DghC5a3s_normal.jpg\" alt=\"\" data-scribe=\"element:avatar\" data-src-2x=\"https://pbs.twimg.com/profile_images/781203065454022674/DghC5a3s_bigger.jpg\" data-src-1x=\"https://pbs.twimg.com/profile_images/781203065454022674/DghC5a3s_normal.jpg\" /></a>\r\n<div class=\"TweetAuthor js-inViewportScribingTarget\" style=\"display: flex; -webkit-box-orient: vertical; -webkit-box-direction: normal; flex-direction: column; overflow: hidden;\" data-scribe=\"component:author\">\r\n<div class=\"TweetAuthor-nameScreenNameContainer\" style=\"display: flex; -webkit-box-orient: vertical; -webkit-box-direction: normal; flex-direction: column; line-height: 1.2; -webkit-box-align: start; align-items: flex-start; min-width: 0px;\"><span class=\"TweetAuthor-decoratedName\" style=\"display: flex; -webkit-box-align: center; align-items: center; min-width: 0px;\"><span class=\"TweetAuthor-decoratedName\" style=\"display: flex; -webkit-box-align: center; align-items: center; min-width: 0px;\"><span class=\"TweetAuthor-name Identity-name customisable-highlight\" style=\"font-weight: bold; overflow: hidden; text-overflow: ellipsis; white-space: nowrap; padding-right: 4px;\" title=\"Made by Google\" data-scribe=\"element:name\">Made by Google</span></span></span>\r\n<div class=\"Icon Icon--verified \" style=\"display: inline-block; height: 1.25em; background-repeat: no-repeat; background-size: contain; vertical-align: text-bottom; width: 1.11111em;\" title=\"Verified Account\" role=\"img\" aria-label=\"Verified Account\">&nbsp;</div>\r\n<span class=\"TweetAuthor-decoratedName\" style=\"display: flex; -webkit-box-align: center; align-items: center; min-width: 0px;\"><span class=\"TweetAuthor-verifiedBadge\" style=\"position: static; -webkit-box-flex: 0; flex: 0 0 auto; padding-right: 4px;\" data-scribe=\"element:verified_badge\"><span class=\"u-hiddenVisually\" style=\"position: absolute !important; overflow: hidden !important; width: 1px !important; height: 1px !important; padding: 0px !important; border: 0px !important; clip: rect(1px, 1px, 1px, 1px) !important;\">✔</span></span></span><span class=\"TweetAuthor-screenName Identity-screenName\" dir=\"ltr\" style=\"color: #697882; font-size: 14px; overflow: hidden; text-overflow: ellipsis; white-space: nowrap; flex-shrink: 1;\" title=\"@madebygoogle\" data-scribe=\"element:screen_name\">@madebygoogle</span></div>\r\n</div>\r\n<div class=\"Tweet-brand\" style=\"margin-left: auto;\">\r\n<div class=\"Icon Icon--twitter \" style=\"display: inline-block; height: 1.25em; background-repeat: no-repeat; background-size: contain; vertical-align: text-bottom; width: 1.25em;\" title=\"View on Twitter\" role=\"presentation\" aria-label=\"View on Twitter\">&nbsp;</div>\r\n</div>\r\n</div>\r\n<div class=\"Tweet-body e-entry-content\" style=\"margin-top: 13px;\" data-scribe=\"component:tweet\">\r\n<div class=\"Tweet-target js-inViewportScribingTarget\" style=\"height: 1px; width: 1px;\">&nbsp;</div>\r\n<p class=\"Tweet-text e-entry-title\" dir=\"ltr\" lang=\"en\" style=\"margin: 0px; padding: 0px; list-style: none; border: none; white-space: pre-wrap; cursor: text; overflow-wrap: break-word; direction: ltr;\">Well, since there seems to be some interest, here you go! Wait \'til you see what it can do. <a class=\"PrettyLink hashtag customisable\" dir=\"ltr\" style=\"background-color: transparent; color: #2b7bb9; text-decoration-line: none; outline: 0px;\" href=\"https://twitter.com/hashtag/Pixel4?src=hash\" rel=\"tag\" data-query-source=\"hashtag_click\" data-scribe=\"element:hashtag\"><span class=\"PrettyLink-prefix\">#</span><span class=\"PrettyLink-value\">Pixel4</span></a></p>\r\n<div class=\"TweetInfo\" style=\"display: flex; margin-top: 3.2px; font-size: 14px;\">\r\n<div class=\"TweetInfo-like\">\r\n<div data-scribe=\"element:heart\">\r\n<div class=\"Icon Icon--heart \" style=\"display: inline-block; height: 1.25em; background-repeat: no-repeat; background-size: contain; vertical-align: text-bottom; width: 1.25em;\" title=\"Like\" role=\"img\" aria-label=\"Like\">&nbsp;</div>\r\n</div>\r\n<a class=\"TweetInfo-heart\" style=\"background-color: transparent; color: #2b7bb9; text-decoration-line: none; display: flex; outline: 0px;\" title=\"Like\" href=\"https://twitter.com/intent/like?tweet_id=1138876305158500353\" data-scribe=\"component:actions\"><span class=\"TweetInfo-heartStat\" style=\"margin-left: 3px;\" data-scribe=\"element:heart_count\">37.1K</span></a></div>\r\n<div class=\"TweetInfo-timeGeo\" style=\"margin-left: 12px; color: #697882; -webkit-box-flex: 1; flex: 1 1 0%;\"><a class=\"u-linkBlend u-url customisable-highlight long-permalink\" style=\"background-color: transparent; text-decoration: inherit; outline: 0px; font-weight: inherit;\" href=\"https://twitter.com/madebygoogle/status/1138876305158500353\" data-datetime=\"2019-06-12T18:30:45+0000\" data-scribe=\"element:full_timestamp\">1:30 AM - Jun 13, 2019</a></div>\r\n</div>\r\n</div>\r\n</blockquote>\r\n</div>\r\n<div class=\"CallToAction-icon\" style=\"display: inline;\" data-scribe=\"element:conversation_icon\">\r\n<div class=\"Icon Icon--replyCTA \" style=\"height: 1.25em; background-repeat: no-repeat; background-size: contain; vertical-align: text-bottom; width: 1.25em; transform: scaleX(1);\" title=\"View conversation on Twitter\" role=\"img\" aria-label=\"View conversation on Twitter\">&nbsp;</div>\r\n</div>\r\n<div class=\"CallToAction-text\" style=\"margin-left: 4px;\" data-scribe=\"element:conversation_text\">13.3K people are talking about this</div>\r\n<div class=\"CallToAction-chevron\" style=\"margin-left: auto; display: inline;\" data-scribe=\"element:cta_chevron\">\r\n<div class=\"Icon Icon--chevronRightCTA \" style=\"height: 1.25em; background-repeat: no-repeat; background-size: contain; vertical-align: text-bottom; width: 1.25em; transform: scaleX(1);\" title=\"View on Twitter\" role=\"img\" aria-label=\"View on Twitter\">&nbsp;</div>\r\n</div>\r\n</div>\r\n<div class=\"tweet-InformationCircle--top tweet-InformationCircle\" style=\"position: absolute; right: 0px; top: 0px; margin: 0px; line-height: 0; padding: 6px 6px 5px 5px; z-index: 20;\" data-scribe=\"element:notice\"><a class=\"Icon Icon--informationCircleWhite js-inViewportScribingTarget\" style=\"background-color: transparent; color: #2b7bb9; text-decoration-line: none; display: inline-block; height: 18px; background-repeat: no-repeat; background-size: contain; vertical-align: text-bottom; width: 18px; outline: 0px;\" title=\"Twitter Ads info and privacy\" href=\"https://support.twitter.com/articles/20175256\"><span class=\"u-hiddenVisually\" style=\"position: absolute !important; overflow: hidden !important; width: 1px !important; height: 1px !important; padding: 0px !important; border: 0px !important; clip: rect(1px, 1px, 1px, 1px) !important;\">Twitter Ads info and privacy</span></a></div>\r\n</div>\r\n<div class=\"resize-sensor\" style=\"position: absolute; left: 0px; top: 0px; right: 0px; bottom: 0px; overflow: hidden; z-index: -1; visibility: hidden;\">\r\n<div class=\"resize-sensor-expand\" style=\"position: absolute; left: 0px; top: 0px; right: 0px; bottom: 0px; overflow: hidden; z-index: -1; visibility: hidden;\">\r\n<div style=\"position: absolute; left: 0px; top: 0px; transition: all 0s ease 0s; width: 510px; height: 441px;\">&nbsp;</div>\r\n</div>\r\n<div class=\"resize-sensor-shrink\" style=\"position: absolute; left: 0px; top: 0px; right: 0px; bottom: 0px; overflow: hidden; z-index: -1; visibility: hidden;\">\r\n<div style=\"position: absolute; left: 0px; top: 0px; transition: all 0s ease 0s; width: 1000px; height: 862.156px;\">&nbsp;</div>\r\n</div>\r\n</div>\r\n</div>\r\n</div>\r\n<p id=\"gmRw1Y\" style=\"box-sizing: border-box; text-decoration-line: inherit; vertical-align: inherit; font-family: Helvetica, sans-serif; font-size: 18px; line-height: inherit; margin: 0px 0px 1.2rem; padding: 0px; color: #424242; background-color: #ffffff;\">What we don&rsquo;t know yet is what Google will do with that second lens, hardware or software wise. Apple gave the iPhone&rsquo;s second camera a telephoto lens, offering further zoom capabilities and enabling portrait mode; but lately, phone makers have been adding ultra-wide lenses, to let their devices capture even more of a scene at once. One isn&rsquo;t necessarily better than the other (just kidding, I&rsquo;ll take the telephoto lens any day) and it&rsquo;s just not obvious which one Google might strategically see as more important in 2019. On the front of the Pixel 3, for instance, Google added a secondary ultra-wide lens to make group selfies easier.</p>\r\n<aside id=\"kxKXQs\" style=\"box-sizing: border-box; text-decoration-line: inherit; vertical-align: inherit; font-family: Helvetica, sans-serif; font-size: 18px; line-height: inherit; margin: 0px; padding: 0px; color: #424242; background-color: #ffffff;\">\r\n<div class=\"c-read-more\" style=\"box-sizing: border-box; text-decoration: inherit; vertical-align: inherit; font-family: inherit; font-size: inherit; font-style: inherit; line-height: inherit; margin: 0px 0px 1.2rem; padding: 8px 0px; border-width: 1px 0px; border-color: #e7e7e8; border-style: solid;\">\r\n<p class=\"c-read-more__intro\" style=\"box-sizing: border-box; text-decoration: inherit; vertical-align: inherit; font-size: 0.75em; font-style: inherit; line-height: inherit; margin: 0px 0px 1rem; padding: 0px; text-transform: uppercase;\">RELATED</p>\r\n<h4 style=\"box-sizing: border-box; text-decoration: inherit; vertical-align: inherit; font-family: Heroic, \'Arial Narrow\', Helvetica, sans-serif; font-size: calc(1.25em); line-height: 1.2; margin: 0px 0px 0.6rem; padding: 0px; font-weight: 500;\"><a style=\"box-sizing: border-box; text-decoration: inherit; vertical-align: inherit; font-family: inherit; font-size: inherit; font-style: inherit; line-height: inherit; margin: 0px; padding: 0px; background-color: transparent; color: #e5127d; transition: color 0.1s ease 0s, background-color 0.1s ease 0s, fill 0.1s ease 0s; border-bottom: 0px;\" href=\"https://www.theverge.com/2019/6/12/18662941/google-pixel-4-leak-editorial-premium-high-end-phone\">Why Google&rsquo;s surprise Pixel 4 tease raises the stakes</a></h4>\r\n</div>\r\n</aside>\r\n<p id=\"Gnsw0i\" style=\"box-sizing: border-box; text-decoration-line: inherit; vertical-align: inherit; font-family: Helvetica, sans-serif; font-size: 18px; line-height: inherit; margin: 0px 0px 1.2rem; padding: 0px; color: #424242; background-color: #ffffff;\">The more interesting thing may be what software tricks Google does with the new lens. Google has already implemented some impressive AR features with just a single lens, building augmented reality &ldquo;stickers&rdquo; into the camera app that you can place around a room, and then film as they continue to float around.</p>\r\n<p id=\"RtsmIA\" style=\"box-sizing: border-box; text-decoration-line: inherit; vertical-align: inherit; font-family: Helvetica, sans-serif; font-size: 18px; line-height: inherit; margin: 0px 0px 1.2rem; padding: 0px; color: #424242; background-color: #ffffff;\">But Google has shown even more impressive AR tech in the past by combining multiple cameras (and additional sensors) into Google Tango, its now-defunct AR mapping and gaming project. Apple has been making big leaps in AR in recent years and demoes one AR game or another at nearly every keynote, so it&rsquo;d be a surprise if Google didn&rsquo;t push the Pixel&rsquo;s AR abilities forward in one way or another.</p>\r\n<figure class=\"e-image\" style=\"box-sizing: border-box; text-decoration-line: inherit; vertical-align: inherit; font-family: Helvetica, sans-serif; font-size: 18px; line-height: inherit; margin: 2.2rem 0px; padding: 0px; display: block; color: #424242; background-color: #ffffff;\"><span class=\"e-image__inner\" style=\"box-sizing: border-box; text-decoration: inherit; vertical-align: inherit; font-family: inherit; font-size: inherit; font-style: inherit; line-height: inherit; margin: 0px; padding: 0px; display: block; position: relative;\"><span class=\"e-image__image \" style=\"box-sizing: border-box; text-decoration: inherit; vertical-align: inherit; font-family: inherit; font-size: inherit; font-style: inherit; line-height: inherit; margin: 0px; padding: 0px; display: block; width: 739.922px;\" data-original=\"https://cdn.vox-cdn.com/uploads/chorus_asset/file/16336638/p4zoom.jpg\"><picture class=\"c-picture\" style=\"box-sizing: border-box; text-decoration: inherit; vertical-align: inherit; font-family: inherit; font-size: inherit; font-style: inherit; line-height: inherit; margin: 0px; padding: 0px; display: block; width: 739.922px; min-height: 1px;\" data-cid=\"site/picture_element-1560418754_1552_268148\" data-cdata=\"{&quot;asset_id&quot;:16336638,&quot;ratio&quot;:&quot;*&quot;}\"><source style=\"box-sizing: border-box; text-decoration: inherit; vertical-align: inherit; font-family: inherit; font-size: inherit; font-style: inherit; line-height: inherit; margin: 0px; padding: 0px;\" srcset=\"https://cdn.vox-cdn.com/thumbor/wgJDEF0o9q2mw8_KPcivGio8izY=/0x0:742x494/320x0/filters:focal(0x0:742x494):format(webp):no_upscale()/cdn.vox-cdn.com/uploads/chorus_asset/file/16336638/p4zoom.jpg 320w, https://cdn.vox-cdn.com/thumbor/7vcSUAhcN3WFUsPN9ttruRWpiRY=/0x0:742x494/520x0/filters:focal(0x0:742x494):format(webp):no_upscale()/cdn.vox-cdn.com/uploads/chorus_asset/file/16336638/p4zoom.jpg 520w, https://cdn.vox-cdn.com/thumbor/ZFH2E_2iYyGNhH016mWVu40zFI0=/0x0:742x494/720x0/filters:focal(0x0:742x494):format(webp):no_upscale()/cdn.vox-cdn.com/uploads/chorus_asset/file/16336638/p4zoom.jpg 720w, https://cdn.vox-cdn.com/thumbor/qNJiRRnQzT94BatLUqDRayvq5qo=/0x0:742x494/920x0/filters:focal(0x0:742x494):format(webp):no_upscale()/cdn.vox-cdn.com/uploads/chorus_asset/file/16336638/p4zoom.jpg 920w, https://cdn.vox-cdn.com/thumbor/w6SnwiYk0E3putyctbRRuLwr03Q=/0x0:742x494/1120x0/filters:focal(0x0:742x494):format(webp):no_upscale()/cdn.vox-cdn.com/uploads/chorus_asset/file/16336638/p4zoom.jpg 1120w, https://cdn.vox-cdn.com/thumbor/n9V7LykrDbRZ7FnqQs2cW4-O0C8=/0x0:742x494/1320x0/filters:focal(0x0:742x494):format(webp):no_upscale()/cdn.vox-cdn.com/uploads/chorus_asset/file/16336638/p4zoom.jpg 1320w, https://cdn.vox-cdn.com/thumbor/gYwLH7MeEjDLq853izA0SgEPMus=/0x0:742x494/1520x0/filters:focal(0x0:742x494):format(webp):no_upscale()/cdn.vox-cdn.com/uploads/chorus_asset/file/16336638/p4zoom.jpg 1520w, https://cdn.vox-cdn.com/thumbor/D119ut62iRwA251NW0M8GW4xwYU=/0x0:742x494/1720x0/filters:focal(0x0:742x494):format(webp):no_upscale()/cdn.vox-cdn.com/uploads/chorus_asset/file/16336638/p4zoom.jpg 1720w, https://cdn.vox-cdn.com/thumbor/mB-uAzCRKbqhCmD7v-QlcI-OaOE=/0x0:742x494/1920x0/filters:focal(0x0:742x494):format(webp):no_upscale()/cdn.vox-cdn.com/uploads/chorus_asset/file/16336638/p4zoom.jpg 1920w\" type=\"image/webp\" sizes=\"(min-width: 1221px) 846px, (min-width: 880px) calc(100vw - 334px), 100vw\" /><img style=\"box-sizing: border-box; text-decoration: inherit; vertical-align: inherit; font-family: inherit; font-size: inherit; font-style: inherit; line-height: inherit; margin: 0px auto; padding: 0px; border: 0px; max-width: 100%; display: block; width: 742px; height: auto;\" src=\"https://cdn.vox-cdn.com/thumbor/flrSTN8W2Tj165wC9pSbYWfSpO8=/0x0:742x494/1200x0/filters:focal(0x0:742x494):no_upscale()/cdn.vox-cdn.com/uploads/chorus_asset/file/16336638/p4zoom.jpg\" sizes=\"(min-width: 1221px) 846px, (min-width: 880px) calc(100vw - 334px), 100vw\" srcset=\"https://cdn.vox-cdn.com/thumbor/jOgNSVGxaHMRcg6JJz_KfWjNKOI=/0x0:742x494/320x0/filters:focal(0x0:742x494):no_upscale()/cdn.vox-cdn.com/uploads/chorus_asset/file/16336638/p4zoom.jpg 320w, https://cdn.vox-cdn.com/thumbor/VNpGDBH0kbiDLkGQ7dvsx-bLflg=/0x0:742x494/520x0/filters:focal(0x0:742x494):no_upscale()/cdn.vox-cdn.com/uploads/chorus_asset/file/16336638/p4zoom.jpg 520w, https://cdn.vox-cdn.com/thumbor/LAAo6xXte4Tos_um15itYW99zNc=/0x0:742x494/720x0/filters:focal(0x0:742x494):no_upscale()/cdn.vox-cdn.com/uploads/chorus_asset/file/16336638/p4zoom.jpg 720w, https://cdn.vox-cdn.com/thumbor/8mLZ0nTYXB6y3Wvg2b9YXQprDcI=/0x0:742x494/920x0/filters:focal(0x0:742x494):no_upscale()/cdn.vox-cdn.com/uploads/chorus_asset/file/16336638/p4zoom.jpg 920w, https://cdn.vox-cdn.com/thumbor/o_AoHPe3gfzCIuOh4yGMApwe-tg=/0x0:742x494/1120x0/filters:focal(0x0:742x494):no_upscale()/cdn.vox-cdn.com/uploads/chorus_asset/file/16336638/p4zoom.jpg 1120w, https://cdn.vox-cdn.com/thumbor/wJIumD2l3FKvyuewfHY9y7bx0pE=/0x0:742x494/1320x0/filters:focal(0x0:742x494):no_upscale()/cdn.vox-cdn.com/uploads/chorus_asset/file/16336638/p4zoom.jpg 1320w, https://cdn.vox-cdn.com/thumbor/aPGQPOATTeQYXPzs71ddE0HSrNU=/0x0:742x494/1520x0/filters:focal(0x0:742x494):no_upscale()/cdn.vox-cdn.com/uploads/chorus_asset/file/16336638/p4zoom.jpg 1520w, https://cdn.vox-cdn.com/thumbor/UlSHuMrZVUQ5oV4drFVQzqQt9gM=/0x0:742x494/1720x0/filters:focal(0x0:742x494):no_upscale()/cdn.vox-cdn.com/uploads/chorus_asset/file/16336638/p4zoom.jpg 1720w, https://cdn.vox-cdn.com/thumbor/TrY7phRZAapqZzyAsau-4csoOL8=/0x0:742x494/1920x0/filters:focal(0x0:742x494):no_upscale()/cdn.vox-cdn.com/uploads/chorus_asset/file/16336638/p4zoom.jpg 1920w\" alt=\"\" data-upload-width=\"742\" /></picture></span></span>\r\n<figcaption style=\"box-sizing: border-box; text-decoration: inherit; vertical-align: inherit; font-family: inherit; font-size: inherit; font-style: inherit; line-height: inherit; margin: 0px; padding: 0px; display: inline;\">A brightened version of Google&rsquo;s teaser image.</figcaption>\r\n</figure>\r\n<h3 id=\"MevMRl\" style=\"box-sizing: border-box; text-decoration-line: inherit; vertical-align: inherit; font-family: Heroic, \'Arial Narrow\', Helvetica, sans-serif; font-size: calc(1.5625em); line-height: 1.2; margin: 0px 0px 0.6rem; padding: 0px; font-weight: 500; text-transform: uppercase; color: #424242; background-color: #ffffff;\">A MYSTERIOUS THIRD SENSOR</h3>\r\n<p id=\"KJuDx8\" style=\"box-sizing: border-box; text-decoration-line: inherit; vertical-align: inherit; font-family: Helvetica, sans-serif; font-size: 18px; line-height: inherit; margin: 0px 0px 1.2rem; padding: 0px; color: #424242; background-color: #ffffff;\">Above the two camera lenses is a smaller third&nbsp;<em style=\"box-sizing: border-box; text-decoration: inherit; vertical-align: inherit; font-family: inherit; font-size: inherit; line-height: inherit; margin: 0px; padding: 0px;\">something</em>. You can just barely make out that something is there in the photo Google posted, but if you brighten the image a little, it&rsquo;s clear that there&rsquo;s a cutout.</p>\r\n<p id=\"oPLmCx\" style=\"box-sizing: border-box; text-decoration-line: inherit; vertical-align: inherit; font-family: Helvetica, sans-serif; font-size: 18px; line-height: inherit; margin: 0px 0px 1.2rem; padding: 0px; color: #424242; background-color: #ffffff;\">What&rsquo;s completely unclear is what that extra sensor might be.</p>\r\n<p id=\"oTHNp7\" style=\"box-sizing: border-box; text-decoration-line: inherit; vertical-align: inherit; font-family: Helvetica, sans-serif; font-size: 18px; line-height: inherit; margin: 0px 0px 1.2rem; padding: 0px; color: #424242; background-color: #ffffff;\">Last night,&nbsp;<em style=\"box-sizing: border-box; text-decoration: inherit; vertical-align: inherit; font-family: inherit; font-size: inherit; line-height: inherit; margin: 0px; padding: 0px;\">Unbox Therapy&nbsp;</em>correctly reported that the Pixel 4&rsquo;s camera bump would have a sensor above the two cameras, which the show&rsquo;s host, Lewis Hilsenteger, identified as a &ldquo;spectral sensor.&rdquo; It&rsquo;s entirely possible that&rsquo;s what we&rsquo;re looking at: the Pixel 3 already has a spectral sensor &mdash; Google also calls it a &ldquo;flicker sensor,&rdquo; and it&rsquo;s used to help the camera deal with strobing lights or screens.</p>\r\n<p id=\"mLtiL5\" style=\"box-sizing: border-box; text-decoration-line: inherit; vertical-align: inherit; font-family: Helvetica, sans-serif; font-size: 18px; line-height: inherit; margin: 0px 0px 1.2rem; padding: 0px; color: #424242; background-color: #ffffff;\">But the spectral sensor on the Pixel 3 looks a little bit smaller than this. It&rsquo;s possible that sensor is getting an upgrade (spectral sensors can be used to analyze everything from color to&nbsp;<a style=\"box-sizing: border-box; text-decoration: inherit; vertical-align: inherit; font-family: inherit; font-size: inherit; font-style: inherit; line-height: inherit; margin: 0px; padding: 0px; background-color: transparent; color: #e5127d; transition: color 0.1s ease 0s, background-color 0.1s ease 0s, fill 0.1s ease 0s; border-bottom: 1px solid currentcolor;\" href=\"https://www.youtube.com/watch?v=y6ccmh24BXw\">the makeup of food</a>, though neither of those things have been done inside a phone before). It&rsquo;s also possible that I&rsquo;m wrong, it&rsquo;s the exact same size as before and doing the exact same things, and it&rsquo;s just hard to tell because of the tiny photo we&rsquo;re looking at.</p>\r\n<p id=\"aSWAPM\" style=\"box-sizing: border-box; text-decoration-line: inherit; vertical-align: inherit; font-family: Helvetica, sans-serif; font-size: 18px; line-height: inherit; margin: 0px 0px 1.2rem; padding: 0px; color: #424242; background-color: #ffffff;\">It could also be that this is just a different sensor. Huawei, for instance, recently made very good use of a&nbsp;<a style=\"box-sizing: border-box; text-decoration: inherit; vertical-align: inherit; font-family: inherit; font-size: inherit; font-style: inherit; line-height: inherit; margin: 0px; padding: 0px; background-color: transparent; color: #e5127d; transition: color 0.1s ease 0s, background-color 0.1s ease 0s, fill 0.1s ease 0s; border-bottom: 1px solid currentcolor;\" href=\"https://www.theverge.com/circuitbreaker/2019/3/26/18282207/huawei-p30-pro-4-camera-array-periscope-zoom-dark-mode\">time-of-flight sensor</a>, which measures distance by tracking how long it takes light to bounce back. On the P30 Pro, it allowed Huawei to create far more realistic portrait mode shots, by more accurately representing the falloff of background blur by using real depth data, instead of interpreting it from the difference between two cameras.</p>\r\n<h3 id=\"jwkMjG\" style=\"box-sizing: border-box; text-decoration-line: inherit; vertical-align: inherit; font-family: Heroic, \'Arial Narrow\', Helvetica, sans-serif; font-size: calc(1.5625em); line-height: 1.2; margin: 0px 0px 0.6rem; padding: 0px; font-weight: 500; text-transform: uppercase; color: #424242; background-color: #ffffff;\">THERE&rsquo;S A DUAL FLASH AND ANOTHER SENSOR IN THE CORNER</h3>\r\n<p id=\"RWIWLM\" style=\"box-sizing: border-box; text-decoration-line: inherit; vertical-align: inherit; font-family: Helvetica, sans-serif; font-size: 18px; line-height: inherit; margin: 0px 0px 1.2rem; padding: 0px; color: #424242; background-color: #ffffff;\">Like every other Pixel to date, the camera will be accompanied by a dual flash system. You can also see another sensor in the corner (it&rsquo;s just a small dot), though there aren&rsquo;t any obvious clues as to what it&rsquo;ll be. In the past, Google has included an additional microphone, laser autofocus, and a spectral/flicker sensors beside Pixel cameras. The Pixel 3 just includes the spectral sensor, but the only thing we can potentially take off the table here is this being used for laser autofocus, since Google has in the past used two separate sensors to achieve that, while there&rsquo;s only one dot here.</p>\r\n<h3 id=\"v8SqcS\" style=\"box-sizing: border-box; text-decoration-line: inherit; vertical-align: inherit; font-family: Heroic, \'Arial Narrow\', Helvetica, sans-serif; font-size: calc(1.5625em); line-height: 1.2; margin: 0px 0px 0.6rem; padding: 0px; font-weight: 500; text-transform: uppercase; color: #424242; background-color: #ffffff;\">NO REAR FINGERPRINT SENSOR</h3>\r\n<p id=\"lFiOfo\" style=\"box-sizing: border-box; text-decoration-line: inherit; vertical-align: inherit; font-family: Helvetica, sans-serif; font-size: 18px; line-height: inherit; margin: 0px 0px 1.2rem; padding: 0px; color: #424242; background-color: #ffffff;\">This had been rumored, and now it&rsquo;s official: this&rsquo;ll be the first Pixel to go without a rear fingerprint scanner. What&rsquo;ll Google use instead? Initial speculation was on an in-display fingerprint sensor, since those have been trendy in Android phones this year. But last night,&nbsp;<em style=\"box-sizing: border-box; text-decoration: inherit; vertical-align: inherit; font-family: inherit; font-size: inherit; line-height: inherit; margin: 0px; padding: 0px;\">Unbox Therapy</em>&nbsp;suggested Google would instead go with a facial recognition system, like the iPhone X.&nbsp;<em style=\"box-sizing: border-box; text-decoration: inherit; vertical-align: inherit; font-family: inherit; font-size: inherit; line-height: inherit; margin: 0px; padding: 0px;\">Unbox Therapy</em>&nbsp;correctly identified that there would be a third sensor above the two cameras, so there&rsquo;s reason to buy into this.</p>\r\n<figure class=\"e-image\" style=\"box-sizing: border-box; text-decoration-line: inherit; vertical-align: inherit; font-family: Helvetica, sans-serif; font-size: 18px; line-height: inherit; margin: 2.2rem 0px; padding: 0px; display: block; color: #424242; background-color: #ffffff;\"><span class=\"e-image__inner\" style=\"box-sizing: border-box; text-decoration: inherit; vertical-align: inherit; font-family: inherit; font-size: inherit; font-style: inherit; line-height: inherit; margin: 0px; padding: 0px; display: block; position: relative;\"><span class=\"e-image__image \" style=\"box-sizing: border-box; text-decoration: inherit; vertical-align: inherit; font-family: inherit; font-size: inherit; font-style: inherit; line-height: inherit; margin: 0px; padding: 0px; display: block; width: 739.922px;\" data-original=\"https://cdn.vox-cdn.com/uploads/chorus_asset/file/16336582/pixel4.jpg\"><picture class=\"c-picture\" style=\"box-sizing: border-box; text-decoration: inherit; vertical-align: inherit; font-family: inherit; font-size: inherit; font-style: inherit; line-height: inherit; margin: 0px; padding: 0px; display: block; width: 739.922px; min-height: 1px;\" data-cid=\"site/picture_element-1560418754_5974_268149\" data-cdata=\"{&quot;asset_id&quot;:16336582,&quot;ratio&quot;:&quot;*&quot;}\"><source style=\"box-sizing: border-box; text-decoration: inherit; vertical-align: inherit; font-family: inherit; font-size: inherit; font-style: inherit; line-height: inherit; margin: 0px; padding: 0px;\" srcset=\"https://cdn.vox-cdn.com/thumbor/pWEU25MTE0j8uZqnYDKrZwzQxGc=/0x0:1536x1024/320x0/filters:focal(0x0:1536x1024):format(webp):no_upscale()/cdn.vox-cdn.com/uploads/chorus_asset/file/16336582/pixel4.jpg 320w, https://cdn.vox-cdn.com/thumbor/ULV56NS4mNpg23N50pZqjmt9lNQ=/0x0:1536x1024/520x0/filters:focal(0x0:1536x1024):format(webp):no_upscale()/cdn.vox-cdn.com/uploads/chorus_asset/file/16336582/pixel4.jpg 520w, https://cdn.vox-cdn.com/thumbor/uaH-4ZGi1LtZBwiHu3vyer7OHfE=/0x0:1536x1024/720x0/filters:focal(0x0:1536x1024):format(webp):no_upscale()/cdn.vox-cdn.com/uploads/chorus_asset/file/16336582/pixel4.jpg 720w, https://cdn.vox-cdn.com/thumbor/VBOw9z8LI9NpQeNSSP1msq5c-Jk=/0x0:1536x1024/920x0/filters:focal(0x0:1536x1024):format(webp):no_upscale()/cdn.vox-cdn.com/uploads/chorus_asset/file/16336582/pixel4.jpg 920w, https://cdn.vox-cdn.com/thumbor/AiLTO8y4WphSxweEqZvk53sZ-sM=/0x0:1536x1024/1120x0/filters:focal(0x0:1536x1024):format(webp):no_upscale()/cdn.vox-cdn.com/uploads/chorus_asset/file/16336582/pixel4.jpg 1120w, https://cdn.vox-cdn.com/thumbor/8pB4zDdWGw235bZ--TaTEsbpPcs=/0x0:1536x1024/1320x0/filters:focal(0x0:1536x1024):format(webp):no_upscale()/cdn.vox-cdn.com/uploads/chorus_asset/file/16336582/pixel4.jpg 1320w, https://cdn.vox-cdn.com/thumbor/toWogBL5Zh0jygfiIejsap3qEp0=/0x0:1536x1024/1520x0/filters:focal(0x0:1536x1024):format(webp):no_upscale()/cdn.vox-cdn.com/uploads/chorus_asset/file/16336582/pixel4.jpg 1520w, https://cdn.vox-cdn.com/thumbor/Z0EJNUUlqp3YB_dWfKlLqNU0pcE=/0x0:1536x1024/1720x0/filters:focal(0x0:1536x1024):format(webp):no_upscale()/cdn.vox-cdn.com/uploads/chorus_asset/file/16336582/pixel4.jpg 1720w, https://cdn.vox-cdn.com/thumbor/q_LI3VQfrc44AZt0DRFzpQa_HC4=/0x0:1536x1024/1920x0/filters:focal(0x0:1536x1024):format(webp):no_upscale()/cdn.vox-cdn.com/uploads/chorus_asset/file/16336582/pixel4.jpg 1920w\" type=\"image/webp\" sizes=\"(min-width: 1221px) 846px, (min-width: 880px) calc(100vw - 334px), 100vw\" /><img style=\"box-sizing: border-box; text-decoration: inherit; vertical-align: inherit; font-family: inherit; font-size: inherit; font-style: inherit; line-height: inherit; margin: 0px auto; padding: 0px; border: 0px; max-width: 100%; display: block; width: auto; height: auto;\" src=\"https://cdn.vox-cdn.com/thumbor/fXN6FMZJvb6g4yh2KhFculGJ6lg=/0x0:1536x1024/1200x0/filters:focal(0x0:1536x1024):no_upscale()/cdn.vox-cdn.com/uploads/chorus_asset/file/16336582/pixel4.jpg\" sizes=\"(min-width: 1221px) 846px, (min-width: 880px) calc(100vw - 334px), 100vw\" srcset=\"https://cdn.vox-cdn.com/thumbor/amxO4xTE08AiIZbg1drS5VCYVTs=/0x0:1536x1024/320x0/filters:focal(0x0:1536x1024):no_upscale()/cdn.vox-cdn.com/uploads/chorus_asset/file/16336582/pixel4.jpg 320w, https://cdn.vox-cdn.com/thumbor/e9iF-ou9d8z1st3bo1F4320DcsI=/0x0:1536x1024/520x0/filters:focal(0x0:1536x1024):no_upscale()/cdn.vox-cdn.com/uploads/chorus_asset/file/16336582/pixel4.jpg 520w, https://cdn.vox-cdn.com/thumbor/0TIxL9c85q3Cy3I7vAWTddBG3zA=/0x0:1536x1024/720x0/filters:focal(0x0:1536x1024):no_upscale()/cdn.vox-cdn.com/uploads/chorus_asset/file/16336582/pixel4.jpg 720w, https://cdn.vox-cdn.com/thumbor/QCxx2Cj_nQUyU8tyeaiiO-y8_CE=/0x0:1536x1024/920x0/filters:focal(0x0:1536x1024):no_upscale()/cdn.vox-cdn.com/uploads/chorus_asset/file/16336582/pixel4.jpg 920w, https://cdn.vox-cdn.com/thumbor/-mRt9NlD7w7sAG_Wi4YOamyN-os=/0x0:1536x1024/1120x0/filters:focal(0x0:1536x1024):no_upscale()/cdn.vox-cdn.com/uploads/chorus_asset/file/16336582/pixel4.jpg 1120w, https://cdn.vox-cdn.com/thumbor/OgJijTQU_gTd5lc13JJ9liIrLIY=/0x0:1536x1024/1320x0/filters:focal(0x0:1536x1024):no_upscale()/cdn.vox-cdn.com/uploads/chorus_asset/file/16336582/pixel4.jpg 1320w, https://cdn.vox-cdn.com/thumbor/pRcCwVswjx9lO1tSNw0158REmig=/0x0:1536x1024/1520x0/filters:focal(0x0:1536x1024):no_upscale()/cdn.vox-cdn.com/uploads/chorus_asset/file/16336582/pixel4.jpg 1520w, https://cdn.vox-cdn.com/thumbor/geo2RX8EA4VP3BGk7hikphbAnOQ=/0x0:1536x1024/1720x0/filters:focal(0x0:1536x1024):no_upscale()/cdn.vox-cdn.com/uploads/chorus_asset/file/16336582/pixel4.jpg 1720w, https://cdn.vox-cdn.com/thumbor/a3C_b1ZSikKOZZ2CrcSyKknTIdQ=/0x0:1536x1024/1920x0/filters:focal(0x0:1536x1024):no_upscale()/cdn.vox-cdn.com/uploads/chorus_asset/file/16336582/pixel4.jpg 1920w\" alt=\"Pixel 4 teaser\" data-upload-width=\"1536\" /></picture></span></span><span class=\"e-image__meta\" style=\"box-sizing: border-box; text-decoration: inherit; vertical-align: inherit; font-size: 0.75em; font-style: inherit; line-height: inherit; margin: 0px; padding: 8px 0px; border-bottom: 1px solid #e7e7e8; color: #626262; display: block; width: 739.922px;\"><cite style=\"box-sizing: border-box; text-decoration: inherit; vertical-align: inherit; font-family: inherit; font-size: inherit; font-style: inherit; line-height: inherit; margin: 0px; padding: 0px; display: inline; opacity: 0.75;\">Image: Google, re-stitched by&nbsp;<a class=\"ql-link\" style=\"box-sizing: border-box; text-decoration: inherit; vertical-align: inherit; font-family: inherit; font-size: inherit; font-style: inherit; line-height: inherit; margin: 0px; padding: 0px; background-color: transparent; color: #e5127d; transition: color 0.1s ease 0s, background-color 0.1s ease 0s, fill 0.1s ease 0s; border-bottom: 1px solid currentcolor;\" href=\"https://twitter.com/atn1988/status/1138882079855394817\" target=\"_blank\" rel=\"noopener\">@atn1988</a></cite></span></figure>\r\n<h3 id=\"5CeX2Y\" style=\"box-sizing: border-box; text-decoration-line: inherit; vertical-align: inherit; font-family: Heroic, \'Arial Narrow\', Helvetica, sans-serif; font-size: calc(1.5625em); line-height: 1.2; margin: 0px 0px 0.6rem; padding: 0px; font-weight: 500; text-transform: uppercase; color: #424242; background-color: #ffffff;\">CONTRAST POWER BUTTON ON THE BLACK MODEL</h3>\r\n<p id=\"40HhN1\" style=\"box-sizing: border-box; text-decoration-line: inherit; vertical-align: inherit; font-family: Helvetica, sans-serif; font-size: 18px; line-height: inherit; margin: 0px 0px 1.2rem; padding: 0px; color: #424242; background-color: #ffffff;\">This is a small detail, but it&rsquo;s a nice change: for the past two years, Google has made the power button a contrasting color on all but the black models of its phones (so the current pink Pixel, for example, has an orange button on the side, while the black model has a black button). The contrast button adds a nice, subtle pop to the phone, and it looks like the black model will finally get that too, with a white power button this time around.</p>\r\n<h3 id=\"UZQJKe\" style=\"box-sizing: border-box; text-decoration-line: inherit; vertical-align: inherit; font-family: Heroic, \'Arial Narrow\', Helvetica, sans-serif; font-size: calc(1.5625em); line-height: 1.2; margin: 0px 0px 0.6rem; padding: 0px; font-weight: 500; text-transform: uppercase; color: #424242; background-color: #ffffff;\">A VERY DIFFERENT REAR DESIGN</h3>\r\n<p id=\"DWgZvq\" style=\"box-sizing: border-box; text-decoration-line: inherit; vertical-align: inherit; font-family: Helvetica, sans-serif; font-size: 18px; line-height: inherit; margin: 0px 0px 1.2rem; padding: 0px; color: #424242; background-color: #ffffff;\">Google has had a fairly consistent design across its first three Pixel generations, setting the phone apart with a glossy glass section on top and a larger matte section below. It helps to set the Pixels a little bit apart in a world where phones can look awfully generic, but for some reason, Google seems to be totally leaving that design behind with the next generation.</p>\r\n<p id=\"2rSTZ3\" style=\"box-sizing: border-box; text-decoration-line: inherit; vertical-align: inherit; font-family: Helvetica, sans-serif; font-size: 18px; line-height: inherit; margin: 0px 0px 1.2rem; padding: 0px; color: #424242; background-color: #ffffff;\">It&rsquo;s not clear to me from this image whether the back will be matte or glossy, but there&rsquo;s clearly only one texture here, except for the camera bump. The next iPhone is expected to have a similarly shaped camera bump and a similarly plain back, so it&rsquo;s possible these two phones will end up looking quite a bit alike.</p>\r\n<p id=\"lyMKLQ\" style=\"box-sizing: border-box; text-decoration-line: inherit; vertical-align: inherit; font-family: Helvetica, sans-serif; font-size: 18px; line-height: inherit; margin: 0px 0px 1.2rem; padding: 0px; color: #424242; background-color: #ffffff;\">Otherwise, we can&rsquo;t tell too much on the hardware front from this perspective. It doesn&rsquo;t let us see the port or speaker situation on the bottom; and we can see that the Google G is staying nice and monochrome on the back. There are likely going to be other color options, too &mdash; Google really teased the most basic and obvious option here. One other outstanding question: what&rsquo;s that gleaming ring around the edge of the phone? It&rsquo;s not clear if that&rsquo;s a metal band (which would be new for the Pixel) or just some fancy lighting in the photo.</p>\r\n<div id=\"HhXkC3\" style=\"box-sizing: border-box; text-decoration-line: inherit; vertical-align: inherit; font-family: Helvetica, sans-serif; font-size: 18px; line-height: inherit; margin: 0px; padding: 0px; color: #424242; background-color: #ffffff;\">\r\n<div style=\"box-sizing: border-box; text-decoration: inherit; vertical-align: inherit; font-family: inherit; font-size: inherit; font-style: inherit; line-height: inherit; margin: 0px; padding: 0px; left: 0px; width: 739.922px; height: auto; position: relative;\">\r\n<div class=\"p-scalable-video\" style=\"box-sizing: border-box; text-decoration: inherit; vertical-align: inherit; font-family: inherit; font-size: inherit; font-style: inherit; line-height: inherit; margin: 0px 0px 1.2rem; padding: 416.203px 0px 0px; position: relative; height: 0px; width: 739.922px; background-color: #000000;\"><iframe style=\"box-sizing: border-box; text-decoration: inherit; vertical-align: inherit; font-family: inherit; font-size: inherit; font-style: inherit; line-height: inherit; margin: 0px; padding: 0px; border-width: initial; border-style: none; display: block; max-width: 100%; height: 416.203px; position: absolute; top: 0px; width: 739.922px;\" src=\"https://www.youtube.com/embed/sQMSno11ho4?rel=0\" scrolling=\"no\" allowfullscreen=\"\"></iframe></div>\r\n</div>\r\n</div>\r\n<h3 id=\"kohOtw\" style=\"box-sizing: border-box; text-decoration-line: inherit; vertical-align: inherit; font-family: Heroic, \'Arial Narrow\', Helvetica, sans-serif; font-size: calc(1.5625em); line-height: 1.2; margin: 0px 0px 0.6rem; padding: 0px; font-weight: 500; text-transform: uppercase; color: #424242; background-color: #ffffff;\">EVERYTHING WE&rsquo;RE WAITING ON</h3>\r\n<p id=\"VXH8ku\" style=\"box-sizing: border-box; text-decoration-line: inherit; vertical-align: inherit; font-family: Helvetica, sans-serif; font-size: 18px; line-height: inherit; margin: 0px 0px 1.2rem; padding: 0px; color: #424242; background-color: #ffffff;\">Google may have had some fun playing into early leaks for the Pixel 4, but it really hasn&rsquo;t given away much here. If what&nbsp;<em style=\"box-sizing: border-box; text-decoration: inherit; vertical-align: inherit; font-family: inherit; font-size: inherit; line-height: inherit; margin: 0px; padding: 0px;\">Unbox Therapy</em>&nbsp;reports is correct, the front of the phone may be far more interesting &mdash; supposedly with five sensors on top for selfies and face detection and a decently sized upper bezel (but no notch).</p>\r\n<p id=\"tuNlIg\" style=\"box-sizing: border-box; text-decoration-line: inherit; vertical-align: inherit; font-family: Helvetica, sans-serif; font-size: 18px; line-height: inherit; margin: 0px 0px 1.2rem; padding: 0px; color: #424242; background-color: #ffffff;\">There&rsquo;s also the internal hardware; we&rsquo;re expecting a Snapdragon 855 and likely a RAM upgrade, but details have been limited. Plus, software tricks, rather than standout hardware, have always been Google&rsquo;s forte, and there have been few leaks to that effect so far.</p>\r\n<p id=\"miLTag\" style=\"box-sizing: border-box; text-decoration-line: inherit; vertical-align: inherit; font-family: Helvetica, sans-serif; font-size: 18px; line-height: inherit; margin: 0px 0px 1.2rem; padding: 0px; color: #424242; background-color: #ffffff;\">The Pixel 4 is still expected to come out in October, like previous generations. But if the pace of early leaks (and past years&rsquo; leaks) is anything to go by, we&rsquo;ll know a lot more about this phone much sooner.</p>','Google decided to jump ahead of leakers today and post a very early photo of the Pixel 4. It’s a basic shot, just showing the back of the phone, but there’s a lot we can tell just by looking at it: it confirms this will be the first Pixel with dual rear cameras, it confirms that Google is significantly changing the Pixel’s design language, and it offers a handful of other details about what to expect from the phone.\n\nHere’s what we can see so far.',4),(9,'Trên tay balo Xiaomi 90 Go fun: Đơn giản, chống thấm nước, ngăn chứa rộng giá 450 ngàn',1,'2019-06-15',NULL,1,'<p>Những anh em hay thường xuy&ecirc;n phải mang laptop c&ugrave;ng nhiều thứ vật dụng đồ c&aacute; nh&acirc;n th&igrave; kh&ocirc;ng thể thiếu chiếc balo 90 Go fun. Qua nhiều mẫu balo, t&uacute;i đeo ch&eacute;o m&igrave;nh từng <a class=\"Tinhte_XenTag_TagLink\" title=\"\" href=\"https://tinhte.vn/tags/tren-tay/\">tr&ecirc;n tay</a> giới thiệu với anh em th&igrave; m&igrave;nh thấy đ&acirc;y l&agrave; chiếc balo kh&aacute; đẹp, đơn giản, gọn, chống thấm nước, ngăn chứa rộng gi&aacute; ph&ugrave; hợp với t&uacute;i tiền anh em m&agrave; m&igrave;nh muốn giới thiệu đến anh em.<br /><br /></p>\r\n<div style=\"text-align: center;\"><span class=\"bdImage_attachImage\" style=\"width: 2048px;\"> <span class=\"inner\" style=\"padding-bottom: 61.914062%;\"> <img title=\"balo-90-.jpg\" src=\"https://photo2.tinhte.vn/data/attachment-files/2019/05/4636993_balo-90-.jpg\" alt=\"Đang tải balo-90-.jpg&hellip;\" data-width=\"2048\" data-height=\"1268\" /> </span> </span> <br />Balo 90 Go Fun thiết kế đơn giản​</div>\r\n<p><br /><strong>Thiết kế:</strong><br />Balo thiết kế hướng đến sự đơn giản v&agrave; năng động sẽ l&agrave; lựa chọn tốt cho anh em cũng như m&igrave;nh thường hay di chuyển. Với thương hiệu 90 Go fun của <a class=\"Tinhte_XenTag_TagLink\" title=\"\" href=\"https://tinhte.vn/xiaomi/\">Xiaomi</a> th&igrave; kh&ocirc;ng c&ograve;n lạ lẫm với anh em c&ocirc;ng nghệ vốn nổi tiếng với c&aacute;c phụ kiện balo thời trang ch&iacute;nh v&igrave; vậy phần n&agrave;o anh em cũng y&ecirc;n t&acirc;m chất lượng v&agrave; thiết kế của balo.<br /><br /></p>\r\n<div style=\"text-align: center;\"><span class=\"bdImage_attachImage\" style=\"width: 2048px;\"> <span class=\"inner\" style=\"padding-bottom: 61.914062%;\"> <img title=\"balo-90-2.jpg\" src=\"https://photo2.tinhte.vn/data/attachment-files/2019/05/4636995_balo-90-2.jpg\" alt=\"Đang tải balo-90-2.jpg&hellip;\" data-width=\"2048\" data-height=\"1268\" /> </span> </span> <br />Balo khi đeo kh&aacute; fit với người đeo​</div>\r\n<p>&nbsp;</p>\r\n<div style=\"text-align: center;\"><span class=\"bdImage_attachImage\" style=\"width: 2048px;\"> <span class=\"inner\" style=\"padding-bottom: 61.914062%;\"> <img title=\"balo-90-1.jpg\" src=\"https://photo2.tinhte.vn/data/attachment-files/2019/05/4636994_balo-90-1.jpg\" alt=\"Đang tải balo-90-1.jpg&hellip;\" data-width=\"2048\" data-height=\"1268\" /> </span> </span> <br />Mang v&aacute;c khi c&oacute; vật dụng b&ecirc;n trong kh&ocirc;ng g&acirc;y m&otilde;i vai<br />​</div>\r\n<p>Thiết kế vu&ocirc;ng của balo nhằm mục đ&iacute;ch tận dụng hết kh&ocirc;ng gian chứa th&ecirc;m rộng r&atilde;i. C&aacute;c ngăn chứa b&ecirc;n trong balo được sắp xếp khoa học, linh hoạt chứa đựng nhiều phụ kiện với đa dạng k&iacute;ch thước kh&aacute;c nhau. Kh&aacute;c với thiết kế c&aacute;c balo th&ocirc;ng thường l&agrave; c&aacute;c ngăn phụ được thiết kế nổi b&ecirc;n ngo&agrave;i th&igrave; balo 90 Go fun lại được h&atilde;ng thiết kế ẩn ngo&agrave;i việc gi&uacute;p chiếc balo trở n&ecirc;n đơn giản gi&uacute;p cho m&igrave;nh dễ d&agrave;ng lưu trữ đồ vật k&iacute;n đ&aacute;o.<br /><br /></p>\r\n<div style=\"text-align: center;\"><span class=\"bdImage_attachImage\" style=\"width: 2048px;\"> <span class=\"inner\" style=\"padding-bottom: 61.962891%;\"> <img title=\"balo-xiaomi-90.jpg\" src=\"https://photo2.tinhte.vn/data/attachment-files/2019/05/4636992_balo-xiaomi-90.jpg\" alt=\"Đang tải balo-xiaomi-90.jpg&hellip;\" data-width=\"2048\" data-height=\"1269\" /> </span> </span> <br />Thiết kế đơn giản năng động​</div>\r\n<p><br /><strong>Tiện dụng của balo:</strong><br />Kh&ocirc;ng gian b&ecirc;n trong balo l&agrave; 1 ngăn lớn anh em c&oacute; thể để vừa laptop 15.6inch c&ugrave;ng c&aacute;c ngăn nhỏ được sắp xếp hợp l&iacute; linh hoạt hơn để đựng những phụ kiện nhỏ đi k&egrave;m cho m&igrave;nh. Ph&iacute;a ngo&agrave;i balo được thiết kế kh&aacute; đơn giản với 2 ngăn b&ecirc;n h&ocirc;ng c&ugrave;ng 1 ngăn ẩn ph&iacute;a trước, kh&ocirc;ng qu&aacute; đặc biệt nhưng mang t&iacute;nh di động cao. Phần ch&iacute;nh balo mở kiểu h&igrave;nh th&ugrave;ng gi&uacute;p dễ d&agrave;ng v&agrave; lấy đồ b&ecirc;n trong khi cần. Tuy nhi&ecirc;n m&igrave;nh thấy kiểu mở dạng h&igrave;nh th&ugrave;ng n&agrave;y hơi vướng v&iacute;u đối với m&igrave;nh.<br /><br /></p>\r\n<div style=\"text-align: center;\"><span class=\"bdImage_attachImage\" style=\"width: 2048px;\"> <span class=\"inner\" style=\"padding-bottom: 61.914062%;\"> <img title=\"balo-90-3.jpg\" src=\"https://photo2.tinhte.vn/data/attachment-files/2019/05/4636996_balo-90-3.jpg\" alt=\"Đang tải balo-90-3.jpg&hellip;\" data-width=\"2048\" data-height=\"1268\" /> </span> </span> <br />Phần d&acirc;y k&eacute;o rất chắc chắn k&eacute;o kh&aacute; &ecirc;m​</div>\r\n<p><br /><strong>Chất lượng vật liệu của balo:</strong><br />Được gia c&ocirc;ng chủ yếu từ chất liệu 100% Polyester với t&iacute;nh chất bền bỉ v&agrave; tho&aacute;ng kh&iacute;. Vật liệu n&agrave;y c&ograve;n cho khả năng chống thấm nước trong thời gian ngắn, chống sờn r&aacute;ch, tưa vải. Ph&iacute;a b&ecirc;n trong l&agrave; lớp l&oacute;t mềm sẽ l&agrave; lớp bảo vệ tốt cho c&aacute;c vật dụng khi đựng trong balo. Kh&oacute;a k&eacute;o được trang bị với c&aacute;c đường may kh&oacute;a trơn tru sẽ dễ d&agrave;ng hơn ở c&aacute;c thao t&aacute;c k&eacute;o mở. D&acirc;y đeo balo được thiết kế dạng v&ograve;ng cung lớp l&oacute;t đeo vai &ecirc;m giảm &aacute;p lực, tạo thoải m&aacute;i khi mang v&aacute;c nhiều đồ b&ecirc;n trong. Phần quai x&aacute;ch được may chắc chắn, c&oacute; thể mang v&aacute;c l&ecirc;n hơn 10kg nhưng anh em kh&ocirc;ng n&ecirc;n mang v&aacute;c qu&aacute; nặng ảnh hưởng m&otilde;i cơ vai lắm.<br /><br /></p>\r\n<div style=\"text-align: center;\"><span class=\"bdImage_attachImage\" style=\"width: 2048px;\"> <span class=\"inner\" style=\"padding-bottom: 61.914062%;\"> <img title=\"balo-90-4.jpg\" src=\"https://photo2.tinhte.vn/data/attachment-files/2019/05/4636997_balo-90-4.jpg\" alt=\"Đang tải balo-90-4.jpg&hellip;\" data-width=\"2048\" data-height=\"1268\" /> </span> </span> <br />Chất lượng của balo được may v&agrave; vật liệu may kh&aacute; xịn s&ograve;<br /><br /><span class=\"bdImage_attachImage\" style=\"width: 2048px;\"> <span class=\"inner\" style=\"padding-bottom: 61.914062%;\"> <img title=\"balo-90-5.jpg\" src=\"https://photo2.tinhte.vn/data/attachment-files/2019/05/4636998_balo-90-5.jpg\" alt=\"Đang tải balo-90-5.jpg&hellip;\" data-width=\"2048\" data-height=\"1268\" /> </span> </span> <br />Phần nhựa tăng chỉnh quai đeo balo nhựa xịn kh&ocirc;ng như loại rẻ tiền<br /><br /><span class=\"bdImage_attachImage\" style=\"width: 2048px;\"> <span class=\"inner\" style=\"padding-bottom: 61.914062%;\"> <img title=\"balo-90-6.jpg\" src=\"https://photo2.tinhte.vn/data/attachment-files/2019/05/4636999_balo-90-6.jpg\" alt=\"Đang tải balo-90-6.jpg&hellip;\" data-width=\"2048\" data-height=\"1268\" /> </span> </span> <br />Ngăn chứa đựng vật dụng ngo&agrave;i balo được may ẩn kh&aacute; tinh tế<br /><br /><span class=\"bdImage_attachImage\" style=\"width: 2048px;\"> <span class=\"inner\" style=\"padding-bottom: 61.914062%;\"> <img title=\"balo-90-8.jpg\" src=\"https://photo2.tinhte.vn/data/attachment-files/2019/05/4637001_balo-90-8.jpg\" alt=\"Đang tải balo-90-8.jpg&hellip;\" data-width=\"2048\" data-height=\"1268\" /> </span> </span> <br />Đường may d&acirc;y k&eacute;o được may ẩn đẹp<br /><br /><span class=\"bdImage_attachImage\" style=\"width: 2048px;\"> <span class=\"inner\" style=\"padding-bottom: 61.914062%;\"> <img title=\"balo-90-7.jpg\" src=\"https://photo2.tinhte.vn/data/attachment-files/2019/05/4637000_balo-90-7.jpg\" alt=\"Đang tải balo-90-7.jpg&hellip;\" data-width=\"2048\" data-height=\"1268\" /> </span> </span> <br />Phần quai x&aacute;ch l&agrave; phần m&igrave;nh thường soi kỹ nhất v&igrave; đ&acirc;y đa phần hay x&aacute;ch rất nhiều v&agrave; chịu lực nhiều, được may kh&aacute; chắc chắn<br /><br /><span class=\"bdImage_attachImage\" style=\"width: 2048px;\"> <span class=\"inner\" style=\"padding-bottom: 61.914062%;\"> <img title=\"balo-90-12.jpg\" src=\"https://photo2.tinhte.vn/data/attachment-files/2019/05/4637005_balo-90-12.jpg\" alt=\"Đang tải balo-90-12.jpg&hellip;\" data-width=\"2048\" data-height=\"1268\" /> </span> </span> <br />X&aacute;ch chịu lực kh&aacute; ổn, trọng lượng của balo khi kh&ocirc;ng chứa đồ l&agrave; 635g<br /><br /><span class=\"bdImage_attachImage\" style=\"width: 2048px;\"> <span class=\"inner\" style=\"padding-bottom: 61.914062%;\"> <img title=\"balo-90-9.jpg\" src=\"https://photo2.tinhte.vn/data/attachment-files/2019/05/4637002_balo-90-9.jpg\" alt=\"Đang tải balo-90-9.jpg&hellip;\" data-width=\"2048\" data-height=\"1268\" /> </span> </span> <br />Ngăn chứa ch&iacute;nh kh&aacute; lớn dung t&iacute;ch 16,5L c&ugrave;ng 1 ngăn k&eacute;o 2 ngăn nhỏ<br /><br /><span class=\"bdImage_attachImage\" style=\"width: 2048px;\"> <span class=\"inner\" style=\"padding-bottom: 61.914062%;\"> <img title=\"balo-90-10.jpg\" src=\"https://photo2.tinhte.vn/data/attachment-files/2019/05/4637003_balo-90-10.jpg\" alt=\"Đang tải balo-90-10.jpg&hellip;\" data-width=\"2048\" data-height=\"1268\" /> </span> </span> <br />B&ecirc;n trong cũng được may lớp l&oacute;t chống thấm<br /><br /><span class=\"bdImage_attachImage\" style=\"width: 2048px;\"> <span class=\"inner\" style=\"padding-bottom: 61.914062%;\"> <img title=\"balo-90-14.jpg\" src=\"https://photo2.tinhte.vn/data/attachment-files/2019/05/4637006_balo-90-14.jpg\" alt=\"Đang tải balo-90-14.jpg&hellip;\" data-width=\"2048\" data-height=\"1268\" /> </span> </span> <br />Phần 2 quai đeo được may chắc chắn dạng v&ograve;ng cung, c&ugrave;ng miếng đai gi&uacute;p anh em c&oacute; thể treo tr&ecirc;n vali khi di chuyển<br /><br /><span class=\"bdImage_attachImage\" style=\"width: 2048px;\"> <span class=\"inner\" style=\"padding-bottom: 61.914062%;\"> <img title=\"balo-90-11.jpg\" src=\"https://photo2.tinhte.vn/data/attachment-files/2019/05/4637004_balo-90-11.jpg\" alt=\"Đang tải balo-90-11.jpg&hellip;\" data-width=\"2048\" data-height=\"1268\" /> </span> </span> <br />Đ&aacute;y balo n&agrave;y m&igrave;nh thấy kh&ocirc;ng ngon, kh&ocirc;ng c&oacute; lớp l&oacute;t bảo vệ v&igrave; thường hay để balo dưới ch&acirc;n, b&ecirc;n trong kh&ocirc;ng c&oacute; lớp đệm chống sốc<br />​</div>\r\n<p><strong>Ưu điểm:</strong><br />- Thiết kế đơn giản, gọn, đẹp<br />- Gi&aacute; rẻ ph&ugrave; hợp nhiều anh em<br />- Chất liệu xịn, đường may chắc chắn<br /><strong><br />Nhược điểm:</strong><br />- Phần đ&aacute;y balo kh&ocirc;ng c&oacute; lớp đệm chống sốc<br />- Phần d&acirc;y k&eacute;o ngăn ch&iacute;nh hơi bị hẹp</p>','Trên tay balo Xiaomi 90 Go fun: Đơn giản, chống thấm nước, ngăn chứa rộng giá 450 ngàn',4),(10,'Facebook sẽ chấm điểm comment, comment nào tốt hơn thì được đẩy lên trên',7,'2019-06-15','https://photo2.tinhte.vn/data/attachment-files/2018/10/4454545_og.jpg',2,'<p>Kể từ h&ocirc;m nay <a class=\"Tinhte_XenTag_TagLink\" title=\"\" href=\"https://tinhte.vn/tags/facebook/\">Facebook</a> sẽ xếp hạng cho c&aacute;c <a class=\"Tinhte_XenTag_TagLink\" title=\"\" href=\"https://tinhte.vn/tags/comment/\">comment</a> tr&ecirc;n những post của Pages v&agrave; của những c&aacute; nh&acirc;n c&oacute; nhiều người follow, comment c&oacute; hạng cao hơn sẽ được đẩy l&ecirc;n tr&ecirc;n để nhiều người thấy. Thuật to&aacute;n n&agrave;y sẽ <a class=\"Tinhte_XenTag_TagLink\" title=\"\" href=\"https://tinhte.vn/tags/cham-diem/\">chấm điểm</a> dựa tr&ecirc;n tương t&aacute;c của người d&ugrave;ng với từng comment, n&oacute; ưu ti&ecirc;n t&iacute;nh tới sự tham gia b&igrave;nh luận của chủ post cũng như liệu chủ post c&oacute; ẩn, report hay x&oacute;a b&igrave;nh luận của ai đ&oacute; hay kh&ocirc;ng. Thuật to&aacute;n cũng như x&eacute;t xem comment c&oacute; chứa nội dung độc hại hay kh&ocirc;ng, c&oacute; vi phạm ti&ecirc;u chuẩn c&ocirc;ng đồng kh&ocirc;ng.<br /><br />Mục đ&iacute;ch cao nhất l&agrave; Facebook muốn hiện cho bạn thấy những comment m&agrave; bạn thật sự quan t&acirc;m v&agrave; n&ecirc;n đọc, nhất l&agrave; những comment c&oacute; bạn b&egrave; của m&igrave;nh c&ugrave;ng tham gia trao đổi. Ngo&agrave;i Pages v&agrave; những người nổi tiếng, người d&ugrave;ng c&aacute; nh&acirc;n ch&uacute;ng ta cũng sẽ c&oacute; thể bật t&iacute;nh năng <a class=\"Tinhte_XenTag_TagLink\" title=\"\" href=\"https://tinhte.vn/tags/cham-diem-comment/\">chấm điểm comment</a> cho t&agrave;i khoản của m&igrave;nh trong phần settings.<br /><br />Facebook kh&ocirc;ng phải l&agrave; <a class=\"Tinhte_XenTag_TagLink\" title=\"\" href=\"https://tinhte.vn/tags/mang-xa-hoi/\">mạng x&atilde; hội</a> đầu ti&ecirc;n l&agrave;m việc n&agrave;y, Twitter đ&atilde; bắt đầu triển khai n&oacute; được một thời gian. C&aacute;ch đ&acirc;y kh&ocirc;ng l&acirc;u Facebook cũng giới thiệu hệ thống chấm điểm video v&agrave; ưu ti&ecirc;n những video c&oacute; nội dung gốc, kh&ocirc;ng đi sao ch&eacute;p lại.</p>','Facebook sẽ chấm điểm comment, comment nào tốt hơn thì được đẩy lên trên',1),(11,'[Chia sẻ] Bạn làm gì để đi vệ sinh khi làm việc ở quán cafe mà bớt đi nỗi lo mất máy tính?',7,'2019-06-15','https://photo2.tinhte.vn/data/attachment-files/2019/06/4685357_COVER.jpg',2,'<p><strong>C&aacute;ch 1: Bỏ mặc đồ đạc, nghĩ l&agrave; người b&ecirc;n cạnh sẽ ch&uacute; &yacute; gi&uacute;p v&agrave; đi vệ sinh trong lo lắng<br /><br /><span class=\"bdImage_attachImage\" style=\"width: 2048px;\"> <span class=\"inner\" style=\"padding-bottom: 66.552734%;\"> <img title=\"di_ve_sinh_cafe_tinhte_2.jpg\" src=\"https://photo2.tinhte.vn/data/attachment-files/2019/06/4685354_di_ve_sinh_cafe_tinhte_2.jpg\" alt=\"Đang tải di_ve_sinh_cafe_tinhte_2.jpg&hellip;\" data-width=\"2048\" data-height=\"1363\" /> </span> </span> </strong><br /><br /><a class=\"Tinhte_XenTag_TagLink\" title=\"\" href=\"https://tinhte.vn/tags/kinh-nghiem/\">Kinh nghiệm</a> đi c&agrave; ph&ecirc; để l&agrave;m việc tương đối nhiều như m&igrave;nh nhận thấy c&oacute; kh&ocirc;ng &iacute;t người lựa chọn c&aacute;ch n&agrave;y. Tr&ecirc;n thực tế, bạn kh&ocirc;ng thể tin v&agrave;o c&aacute;i nh&igrave;n của m&igrave;nh đối với những người xung quanh được. N&oacute;i c&aacute;ch kh&aacute;c, bạn kh&ocirc;ng thể n&agrave;o nh&igrave;n một người n&agrave;o đ&oacute; ăn mặc lịch sự, ngồi g&otilde; ph&iacute;m laptop tr&ocirc;ng c&oacute; vẻ như d&acirc;n văn ph&ograve;ng m&agrave; kh&ocirc;ng đề ph&ograve;ng họ. Tr&ecirc;n thực tế, đ&atilde; kh&ocirc;ng &iacute;t c&aacute;c vụ mất m&aacute;y v&agrave; đồ đạc khi đi vệ sinh ở qu&aacute;n c&agrave; ph&ecirc;. Ch&iacute;nh v&igrave; vậy, khuy&ecirc;n c&aacute;c bạn kh&ocirc;ng n&ecirc;n theo c&aacute;ch n&agrave;y.<br /><br /><strong>C&aacute;ch 2: Cất đồ v&ocirc; balo, chịu mất chỗ, đi vệ sinh xong ra oder ly cafe mới v&agrave; t&igrave;m chỗ kh&aacute;c ngồi (nếu qu&aacute;n c&ograve;n chỗ)</strong><br /><br /><span class=\"bdImage_attachImage\" style=\"width: 2048px;\"> <span class=\"inner\" style=\"padding-bottom: 66.552734%;\"> <img title=\"di_ve_sinh_cafe_tinhte_6.jpg\" src=\"https://photo2.tinhte.vn/data/attachment-files/2019/06/4685456_di_ve_sinh_cafe_tinhte_6.jpg\" alt=\"Đang tải di_ve_sinh_cafe_tinhte_6.jpg&hellip;\" data-width=\"2048\" data-height=\"1363\" /> </span> </span> <br /><br />M&igrave;nh nghĩ rằng sẽ c&oacute; rất &iacute;t người đi theo c&aacute;ch n&agrave;y, bởi nhiều l&yacute; do kh&aacute;c nhau. Việc đi ra order một ly nước mới chịu rất nhiều rủi ro, đ&oacute; l&agrave; bạn kh&ocirc;ng thể chắc chắn rằng sau khi bạn đi vệ sịnh xong th&igrave; trong qu&aacute;n c&ograve;n chỗ, đặc biệt l&agrave; đối với những chuỗi cafe đắt kh&aacute;ch v&agrave; v&agrave;o những giờ cao điểm, chẳng hạn như giữa trưa. Kh&ocirc;ng c&ograve;n chỗ ngồi khiến bạn phải loay hoay đi t&igrave;m nơi kh&aacute;c v&agrave; việc chạy ngo&agrave;i đường để đi t&igrave;m qu&aacute;n v&agrave;o giữa trưa r&otilde; r&agrave;ng l&agrave; trải nghiệm m&agrave; chẳng ai muốn trải qua cả.<br /><br />Nếu may mắn c&oacute; một chỗ ngồi kh&aacute;c, vị tr&iacute; đ&oacute; c&oacute; thể cũng kh&ocirc;ng ưng &yacute; bạn. Nhưng d&ugrave; g&igrave; đi nữa, c&oacute; c&ograve;n đỡ hơn kh&ocirc;ng.<br /><br /><strong>C&aacute;ch 3: Giữ chỗ bằng những vật kh&ocirc;ng c&oacute; gi&aacute; trị<br /><br /><span class=\"bdImage_attachImage\" style=\"width: 2048px;\"> <span class=\"inner\" style=\"padding-bottom: 66.552734%;\"> <img title=\"di_ve_sinh_cafe_tinhte_7.jpg\" src=\"https://photo2.tinhte.vn/data/attachment-files/2019/06/4685457_di_ve_sinh_cafe_tinhte_7.jpg\" alt=\"Đang tải di_ve_sinh_cafe_tinhte_7.jpg&hellip;\" data-width=\"2048\" data-height=\"1363\" /> </span> </span> </strong><br /><br />Đ&acirc;y c&oacute; lẽ l&agrave; c&aacute;ch thiết thực v&agrave; thường được d&ugrave;ng nhiều nhất theo quan s&aacute;t của m&igrave;nh. C&aacute;ch thực hiện cũng kh&aacute; đơn giản, để lại tr&ecirc;n b&agrave;n c&aacute;i g&igrave; đ&oacute; kh&ocirc;ng c&oacute; gi&aacute; trị nhiều, v&iacute; dụ như c&aacute;i tai nghe v&agrave; 1 quyển sổ, s&aacute;ch g&igrave; đ&oacute;. M&aacute;y t&iacute;nh v&agrave; đồ gi&aacute; trị th&igrave; cho v&agrave;o balo v&agrave; đi vệ sinh. L&uacute;c đi ra vẫn c&ograve;n nguy&ecirc;n chỗ đ&oacute;. Những người đến sau sẽ ngầm hiểu rằng vị tr&iacute; đ&oacute; đ&atilde; c&oacute; người ngồi v&agrave; họ sẽ t&igrave;m chỗ kh&aacute;c. Tất nhi&ecirc;n, vẫn c&oacute; nhiều t&igrave;nh huống kh&aacute;c c&oacute; thể xảy ra. Chẳng hạn như một người kh&aacute;ch kh&aacute;c khi nhắm đến chỗ của bạn sẽ nghĩ l&agrave; ai đ&oacute; để qu&ecirc;n đồ, họ mang m&oacute;n đồ đ&oacute; đến đưa cho nh&acirc;n vi&ecirc;n v&agrave; rồi ngồi v&agrave;o vị tr&iacute; đ&oacute;.<br /><br />L&uacute;c bấy giờ, tuỳ t&igrave;nh huống m&agrave; giải quyết th&ocirc;i. Nếu bạn thoả thuận được rằng đ&oacute; l&agrave; chỗ ngồi m&agrave; bạn muốn v&agrave; người kia chấp thuận th&igrave; mọi chuyện sẽ dễ d&agrave;ng, c&ograve;n nếu người kh&aacute;ch kia kh&ocirc;ng đồng &yacute; th&igrave; bạn cũng sẽ phải chịu mất chỗ. Tuy nhi&ecirc;n về cơ bản, khả năng xảy ra của t&igrave;nh huống n&agrave;y tương đối thấp v&agrave; c&aacute;ch vừa tr&igrave;nh b&agrave;y cũng l&agrave; giải ph&aacute;p tối ưu nhất.<br /><br /><strong>C&aacute;ch 4: Nhờ nh&acirc;n vi&ecirc;n qu&aacute;n tr&ocirc;ng gi&uacute;p</strong><br /><br /><span class=\"bdImage_attachImage\" style=\"width: 2048px;\"> <span class=\"inner\" style=\"padding-bottom: 66.552734%;\"> <img title=\"di_ve_sinh_cafe_tinhte_3.jpg\" src=\"https://photo2.tinhte.vn/data/attachment-files/2019/06/4685355_di_ve_sinh_cafe_tinhte_3.jpg\" alt=\"Đang tải di_ve_sinh_cafe_tinhte_3.jpg&hellip;\" data-width=\"2048\" data-height=\"1363\" /> </span> </span> <br /><br />Ngo&agrave;i việc nhờ người b&ecirc;n cạnh tr&ocirc;ng đồ, một số người để an t&acirc;m hơn sẽ để đồ đạc đ&oacute; v&agrave; nhờ nh&acirc;n vi&ecirc;n qu&aacute;n tr&ocirc;ng gi&uacute;p. D&ugrave; vậy, tr&ocirc;ng đồ cho bạn kh&ocirc;ng phải l&agrave; việc m&agrave; nh&acirc;n vi&ecirc;n qu&aacute;n phải l&agrave;m, bởi họ c&ograve;n nhiều kh&aacute;ch kh&aacute;c chờ phục vụ chứ kh&ocirc;ng ri&ecirc;ng g&igrave; bạn. Hướng tốt hơn đ&oacute; l&agrave; bạn gửi laptop v&agrave;o hẳn b&ecirc;n trong quầy nhờ nh&acirc;n vi&ecirc;n họ tr&ocirc;ng một ch&uacute;t, balo đồ đạc th&igrave; vẫn giữ nguy&ecirc;n đ&oacute;.<br /><br /><strong>C&aacute;ch 5: Đi vệ sinh sau đ&oacute; về lu&ocirc;n<br /><br /><span class=\"bdImage_attachImage\" style=\"width: 2048px;\"> <span class=\"inner\" style=\"padding-bottom: 61.865234%;\"> <img title=\"4621242_4587811_cover_bon_tieu_TInhte_1.jpg\" src=\"https://photo2.tinhte.vn/data/attachment-files/2019/06/4685358_4621242_4587811_cover_bon_tieu_TInhte_1.jpg\" alt=\"Đang tải 4621242_4587811_cover_bon_tieu_TInhte_1.jpg&hellip;\" data-width=\"2048\" data-height=\"1267\" /> </span> </span> </strong><br /><br />M&igrave;nh c&oacute; thấy một số người họ ngồi rất l&acirc;u, cả buổi m&agrave; chẳng rời khỏi vị tr&iacute;. Sau đ&oacute; họ thu xếp đồ đạc, đi thằng v&agrave;o nh&agrave; vệ sinh để &ldquo;giải quyết&rsquo; sau đ&oacute; th&igrave; đi về lu&ocirc;n. Đ&acirc;y cũng l&agrave; một c&aacute;ch, nhưng thật kh&ocirc;ng tốt cho sức khoẻ nếu phải nhịn vệ sinh v&agrave; kh&ocirc;ng phải th&igrave; l&uacute;c n&agrave;o bạn cũng nhịn được. Nh&igrave;n chung th&igrave; đ&acirc;y kh&ocirc;ng phải l&agrave; một &yacute; hay cho lắm, tuy nhi&ecirc;n, m&igrave;nh liệt k&ecirc; v&ocirc; v&igrave; thấy một số người vẫn &aacute;p dụng c&aacute;ch thức n&agrave;y.<br /><br /><strong>C&aacute;ch 6: Nhờ c&ocirc;ng nghệ hỗ trợ</strong><br /><br />Một người bạn của m&igrave;nh kể với vẻ rất tự h&agrave;o l&agrave; bạn ấy đ&atilde; nghĩ ra một c&aacute;ch để giải quyết vấn đề &ldquo;nan giải&rdquo; n&agrave;y, tuy kh&ocirc;ng cam đoan hiệu quả 100% nhưng c&aacute;ch n&agrave;y lại mang đến cảm gi&aacute;c y&ecirc;n t&acirc;m v&agrave; &iacute;t l&agrave;m phiền người kh&aacute;c hơn.<br /><br />B&acirc;y giờ m&igrave;nh sẽ m&ocirc; tả lại những g&igrave; m&agrave; bạn đ&oacute; đ&atilde; thực hiện. Điều kiện cần để l&agrave;m theo c&aacute;ch n&agrave;y đ&oacute; ch&iacute;nh l&agrave; bạn phải c&oacute; 1 chiếc smartphone gi&aacute; rẻ hoặc smartphone cũ g&igrave; đ&oacute;. Giải th&iacute;ch sơ lược cho anh em dễ hiểu đ&oacute; ch&iacute;nh l&agrave; anh bạn n&agrave;y của m&igrave;nh đ&atilde; d&ugrave;ng c&aacute;i smartphone gi&aacute; rẻ đ&oacute; để l&agrave;m chiếc camera để quan s&aacute;t đồ đạc khi anh ta chui v&agrave;o nh&agrave; vệ sinh.<br /><br />&nbsp;&nbsp;&ocirc;ng qua 1 ứng dụng, anh n&agrave;y c&oacute; thể tận dụng camera tr&ecirc;n chiếc smartphone gi&aacute; rẻ kia để quan s&aacute;t v&agrave; việc quan s&aacute;t n&agrave;y diễn ra tr&ecirc;n chiếc điện thoại ch&iacute;nh m&agrave; bạn đ&oacute; d&ugrave;ng.<br /><br />Sau khi đ&atilde; c&agrave;i đặt phần mềm c&aacute;c kiểu, việc bạn n&agrave;y l&agrave;m tiếp theo đ&oacute; l&agrave; dựng m&agrave;n h&igrave;nh laptop l&ecirc;n, kh&ocirc;ng cần mở kho&aacute;, để điện thoại dựa v&agrave;o m&agrave;n h&igrave;nh, đổi g&oacute;c quan s&aacute;t sang camera trước. L&uacute;c n&agrave;y, đặt balo v&agrave;o vị tr&iacute; trong tầm ngắm của camera lu&ocirc;n, c&oacute; thể l&agrave; tr&ecirc;n ghế ngồi chẳng hạn. Sau khi đ&atilde; xong xu&ocirc;i hết rồi th&igrave; bấm v&agrave;o n&uacute;t kho&aacute; để điện thoại tắt m&agrave;n h&igrave;nh, l&uacute;c n&agrave;y camera vẫn hoạt động.<br /><br />Vậy l&agrave; xong, bạn sẽ mang điện thoại ch&iacute;nh theo v&agrave;o nh&agrave; vệ sinh, vừa đi vừa check xem t&igrave;nh h&igrave;nh b&ecirc;n ngo&agrave;i như thế n&agrave;o.<br /><br />&nbsp;   <br /><br />Trong qu&aacute; tr&igrave;nh n&agrave;y, nếu ph&aacute;t hiện c&oacute; chuyển động, camera sẽ tự động ghi lại đoạn phim đ&oacute;, đồng thời, nếu bạn thấy khung h&igrave;nh bị dịch chuyển, nghĩa l&agrave; nghi ngờ c&oacute; người chạm v&agrave;o điện thoại cũng như m&aacute;y t&iacute;nh, việc cần l&agrave;m l&agrave; ấn v&agrave;o n&uacute;t b&aacute;o động. L&uacute;c n&agrave;y, &acirc;m thanh từ điện thoại b&ecirc;n ngo&agrave;i sẽ vang l&ecirc;n rất to v&agrave; chỉ c&oacute; bạn mới tắt được.<br /><br />L&uacute;c đ&oacute; th&igrave; bạn nhanh ch&acirc;n chạy ra ngo&agrave;i v&agrave; xem t&igrave;nh h&igrave;nh, đồng thời hy vọng rằng t&ecirc;n trộm đ&oacute; kh&ocirc;ng thực hiện h&agrave;nh vi qu&aacute; nhanh. Anh bạn m&igrave;nh cho biết đ&atilde; d&ugrave;ng c&aacute;ch đ&oacute; v&agrave;i th&aacute;ng nay v&agrave; cảm thấy kh&aacute; an t&acirc;m. Bản th&acirc;n m&igrave;nh th&igrave; cảm thấy kh&ocirc;ng tin tưởng lắm v&igrave; trong hầu hết c&aacute;c trường hợp, việc một t&ecirc;n trộm lấy đi m&aacute;y t&iacute;nh của m&igrave;nh sẽ diễn ra rất nhanh v&agrave; chu&ocirc;ng b&aacute;o động kia vang l&ecirc;n tr&ecirc;n thực tế cũng kh&ocirc;ng giải quyết được vấn đề mấy.<br /><br />B&ecirc;n tr&ecirc;n l&agrave; một v&agrave;i c&aacute;ch m&agrave; m&igrave;nh thấy người ta thường l&agrave;m khi phải đi vệ sinh trong l&uacute;c ra qu&aacute;n c&agrave; ph&ecirc; l&agrave;m việc, bạn thấy c&aacute;ch n&agrave;o hữu &iacute;ch nhất v&agrave; c&aacute;ch giải quyết của bạn trong t&igrave;nh huống n&agrave;y l&agrave; như thế n&agrave;o? Đừng qu&ecirc;n <a class=\"Tinhte_XenTag_TagLink\" title=\"\" href=\"https://tinhte.vn/tags/chia-se/\">chia sẻ</a> nh&eacute;.</p>','Cái khổ của những người làm nghề tự do (freelancer) đó chính là họ thường thiếu đi một nơi để “yên bề gia thất”, nói thẳng ra là một nơi có phòng lạnh, có bàn ghế đầy đủ để hỗ trợ tối đa quá trình làm việc. Vì lẽ đó, cà phê máy lạnh là một lựa chọn được ưu tiên hàng đầu.\r\n\r\nViệc vào quán để order một ly cafe tốn ít nhất 29k và chắc chắn là ai cũng muốn ngồi đó ít nhất là 3-4 tiếng. Tuy nhiên, mọi kế hoạch ban đầu sẽ bị phá vỡ nếu cơn buồn vệ sinh ập tới. Lúc này sẽ có nhiều lựa chọn và bài viết này sẽ liệt kê ra một số giải pháp mà mình thường thấy người ta làm nhất.',1),(12,'Link tải IOS 13, iPadOS beta 2 hoặc Profile beta 2. OTA, không cần máy tính',2,'2019-06-18','https://photo2.tinhte.vn/data/attachment-files/2019/06/4690567_cover_Link_tai_IOS_13_beta.jpg',1,'<p><span style=\"color: #141414; font-family: Helvetica, Arial, sans-serif; font-size: 14.6667px; background-color: #ffffff;\">Hoặc nếu anh em n&agrave;o cần file Firmware cho&nbsp;</span><a class=\"Tinhte_XenTag_TagLink\" style=\"color: #176093; text-decoration-line: none; border-radius: 0px; padding: 0px 3px; margin: 0px -3px; word-break: inherit; font-family: Helvetica, Arial, sans-serif; font-size: 14.6667px; background-color: #ffffff;\" title=\"\" href=\"https://tinhte.vn/iphone/\">iPhone</a><span style=\"color: #141414; font-family: Helvetica, Arial, sans-serif; font-size: 14.6667px; background-color: #ffffff;\">&nbsp;để c&agrave;i trắng lại từ đầu, để c&oacute; thể sẽ l&agrave;m m&aacute;y chạy mượt hơn th&igrave; mời tải file b&ecirc;n dưới m&igrave;nh c&oacute; cập nhật.</span><br style=\"color: #141414; font-family: Helvetica, Arial, sans-serif; font-size: 14.6667px; background-color: #ffffff;\" /><br style=\"color: #141414; font-family: Helvetica, Arial, sans-serif; font-size: 14.6667px; background-color: #ffffff;\" /><span style=\"color: #141414; font-family: Helvetica, Arial, sans-serif; font-size: 14.6667px; background-color: #ffffff;\">- Link tải&nbsp;</span><strong style=\"color: #141414; font-family: Helvetica, Arial, sans-serif; font-size: 14.6667px; background-color: #ffffff;\"><a class=\"externalLink\" style=\"color: #176093; text-decoration-line: none; border-radius: 0px; padding: 0px 3px; margin: 0px -3px; word-break: inherit;\" href=\"https://drive.google.com/open?id=1_Cn6W8GA_rGOTlPik6oMp3JPqsdYs78s\" target=\"_blank\" rel=\"noopener\"><span style=\"font-size: 22px;\">Profile cho IOS beta 2</span></a></strong><br style=\"color: #141414; font-family: Helvetica, Arial, sans-serif; font-size: 14.6667px; background-color: #ffffff;\" /><span style=\"color: #141414; font-family: Helvetica, Arial, sans-serif; font-size: 14.6667px; background-color: #ffffff;\">- Link tải&nbsp;</span><strong style=\"color: #141414; font-family: Helvetica, Arial, sans-serif; font-size: 14.6667px; background-color: #ffffff;\"><span style=\"font-size: 22px;\"><a class=\"externalLink\" style=\"color: #176093; text-decoration-line: none; border-radius: 0px; padding: 0px 3px; margin: 0px -3px; word-break: inherit;\" href=\"https://drive.google.com/open?id=1gwrmXOZ3sBpTbHIgtPjSWEc7ZkFrqCjD\" target=\"_blank\" rel=\"noopener\">Profile cho iPadOS beta 2</a>&nbsp;</span></strong><br style=\"color: #141414; font-family: Helvetica, Arial, sans-serif; font-size: 14.6667px; background-color: #ffffff;\" /><span style=\"color: #141414; font-family: Helvetica, Arial, sans-serif; background-color: #ffffff; font-size: 15px;\">-&nbsp;</span><span style=\"color: #141414; font-family: Helvetica, Arial, sans-serif; background-color: #ffffff; font-size: 18px;\">Link tải&nbsp;<strong><a class=\"externalLink\" style=\"color: #176093; text-decoration-line: none; border-radius: 0px; padding: 0px 3px; margin: 0px -3px; word-break: inherit;\" href=\"https://drive.google.com/open?id=1GcvF5Z5qkKQ9jiGL5IjjxpTi1VN0abot\" target=\"_blank\" rel=\"noopener\">Profile cho WatchOS beta 2</a></strong></span><br style=\"color: #141414; font-family: Helvetica, Arial, sans-serif; font-size: 14.6667px; background-color: #ffffff;\" /><br style=\"color: #141414; font-family: Helvetica, Arial, sans-serif; font-size: 14.6667px; background-color: #ffffff;\" /><span style=\"color: #141414; font-family: Helvetica, Arial, sans-serif; background-color: #ffffff; font-size: 18px;\"><strong>Lưu &yacute;:</strong></span><span style=\"color: #141414; font-family: Helvetica, Arial, sans-serif; font-size: 14.6667px; background-color: #ffffff;\">&nbsp;l&agrave; bạn phải d&ugrave;ng tr&igrave;nh duyệt Safari tr&ecirc;n ch&iacute;nh c&aacute;i iPhone hoặc&nbsp;</span><a class=\"Tinhte_XenTag_TagLink\" style=\"color: #176093; text-decoration-line: none; border-radius: 0px; padding: 0px 3px; margin: 0px -3px; word-break: inherit; font-family: Helvetica, Arial, sans-serif; font-size: 14.6667px; background-color: #ffffff;\" title=\"\" href=\"https://tinhte.vn/ipad/\">iPad</a><span style=\"color: #141414; font-family: Helvetica, Arial, sans-serif; font-size: 14.6667px; background-color: #ffffff;\">&nbsp;muốn cập nhật phần mềm truy cập v&agrave; tải về, kh&ocirc;ng để chuyển sang App Google Drive tải nh&eacute;. Sau đ&oacute; v&agrave;o phần Setting/general/Profile/ Bấm v&agrave;o Profile v&agrave; chọn c&agrave;i đặt. Ho&agrave;n tất c&agrave;i đặt th&igrave; c&aacute;c bạn cần khởi động lại m&aacute;y, sau đ&oacute; v&agrave;o lại Setting/General/software Update l&agrave; sẽ hiện cập nhật phi&ecirc;n bản mới, bấm tải v&agrave; c&agrave;i đặt như b&igrave;nh thường l&agrave; xong.</span></p>\r\n<div style=\"margin: 0px; padding: 0px; color: #141414; font-family: Helvetica, Arial, sans-serif; font-size: 14.6667px; background-color: #ffffff; text-align: center;\"><span class=\"bdImage_attachImage\" style=\"max-width: 100%; display: inline-block; float: none; line-height: 0; margin: 0px; padding: 0px; width: 2048px;\"><span class=\"inner\" style=\"display: inline-block; float: none; line-height: 0; margin: 0px; padding: 0px 0px 543.188px; background: #f0f7fc; position: relative; overflow: hidden; width: 815px;\"><img style=\"border: 0px; max-width: 100%; display: inline-block; float: none; line-height: 0; margin: 0px; padding: 0px; height: auto; left: 0px; position: absolute; top: 0px; width: 815px;\" title=\"Nang_cap_IOS_Beta 2 (1 of 1).jpg\" src=\"https://photo2.tinhte.vn/data/attachment-files/2019/06/4690570_Nang_cap_IOS_Beta_2_1_of_1.jpg\" alt=\"Đang tải Nang_cap_IOS_Beta 2 (1 of 1).jpg&hellip;\" data-width=\"2048\" data-height=\"1365\" /></span></span><br /><span class=\"bdImage_attachImage\" style=\"max-width: 100%; display: inline-block; float: none; line-height: 0; margin: 0px; padding: 0px; width: 2048px;\"><span class=\"inner\" style=\"display: inline-block; float: none; line-height: 0; margin: 0px; padding: 0px 0px 543.188px; background: #f0f7fc; position: relative; overflow: hidden; width: 815px;\"><img style=\"border: 0px; max-width: 100%; display: inline-block; float: none; line-height: 0; margin: 0px; padding: 0px; height: auto; left: 0px; position: absolute; top: 0px; width: 815px;\" title=\"Nang_cap_IOS_Beta 2 (1 of 1)-2.jpg\" src=\"https://photo2.tinhte.vn/data/attachment-files/2019/06/4690571_Nang_cap_IOS_Beta_2_1_of_1-2.jpg\" alt=\"Đang tải Nang_cap_IOS_Beta 2 (1 of 1)-2.jpg&hellip;\" data-width=\"2048\" data-height=\"1365\" /></span></span>​</div>\r\n<p><span style=\"color: #141414; font-family: Helvetica, Arial, sans-serif; font-size: 14.6667px; background-color: #ffffff;\">Dưới đ&acirc;y l&agrave; link tải file Firmware cho bạn n&agrave;o cần d&ugrave;ng để Restore trắng lại từ đầu.</span><br style=\"color: #141414; font-family: Helvetica, Arial, sans-serif; font-size: 14.6667px; background-color: #ffffff;\" /><strong style=\"color: #141414; font-family: Helvetica, Arial, sans-serif; font-size: 14.6667px; background-color: #ffffff;\">-<a class=\"externalLink\" style=\"color: #176093; text-decoration-line: none; border-radius: 0px; padding: 0px 3px; margin: 0px -3px; word-break: inherit;\" href=\"http://redirect.viglink.com/?format=go&amp;jsonp=vglnk_156079981057816&amp;key=c3a020c1da88216e0e531635c6550b00&amp;libId=jx0pplsl010091mv000DAbeegpvlr&amp;loc=http%3A%2F%2Fwww.iphonehacks.com%2F2019%2F06%2Fdownload-ios-13-beta-2-iphone.html&amp;v=1&amp;out=https%3A%2F%2Fipsw.me%2Fapi%2Fios%2Fv4%2Fota%2Fdownload%2FiPhone11%2C6%2F17A5508m%3Fprerequisite%3D16G5046d&amp;ref=https%3A%2F%2Fwww.google.com%2F&amp;title=Download%20iOS%2013%20Beta%202%20for%20iPhone&amp;txt=Download\" target=\"_blank\" rel=\"noopener\">&nbsp;iPhone XS Max</a><br />-<a class=\"externalLink\" style=\"color: #176093; text-decoration-line: none; border-radius: 0px; padding: 0px 3px; margin: 0px -3px; word-break: inherit;\" href=\"http://redirect.viglink.com/?format=go&amp;jsonp=vglnk_156079982803917&amp;key=c3a020c1da88216e0e531635c6550b00&amp;libId=jx0pplsl010091mv000DAbeegpvlr&amp;loc=http%3A%2F%2Fwww.iphonehacks.com%2F2019%2F06%2Fdownload-ios-13-beta-2-iphone.html&amp;v=1&amp;out=https%3A%2F%2Fipsw.me%2Fapi%2Fios%2Fv4%2Fota%2Fdownload%2FiPhone11%2C2%2F17A5508m%3Fprerequisite%3D16G5046d&amp;ref=https%3A%2F%2Fwww.google.com%2F&amp;title=Download%20iOS%2013%20Beta%202%20for%20iPhone&amp;txt=Download\" target=\"_blank\" rel=\"noopener\">&nbsp;iPhone XS</a><br />-<a class=\"externalLink\" style=\"color: #176093; text-decoration-line: none; border-radius: 0px; padding: 0px 3px; margin: 0px -3px; word-break: inherit;\" href=\"http://redirect.viglink.com/?format=go&amp;jsonp=vglnk_156079984618518&amp;key=c3a020c1da88216e0e531635c6550b00&amp;libId=jx0pplsl010091mv000DAbeegpvlr&amp;loc=http%3A%2F%2Fwww.iphonehacks.com%2F2019%2F06%2Fdownload-ios-13-beta-2-iphone.html&amp;v=1&amp;out=https%3A%2F%2Fipsw.me%2Fapi%2Fios%2Fv4%2Fota%2Fdownload%2FiPhone11%2C8%2F17A5508m%3Fprerequisite%3D16G5046d&amp;ref=https%3A%2F%2Fwww.google.com%2F&amp;title=Download%20iOS%2013%20Beta%202%20for%20iPhone&amp;txt=Download\" target=\"_blank\" rel=\"noopener\">&nbsp;iPhone XR</a><br />-<a class=\"externalLink\" style=\"color: #176093; text-decoration-line: none; border-radius: 0px; padding: 0px 3px; margin: 0px -3px; word-break: inherit;\" href=\"http://redirect.viglink.com/?format=go&amp;jsonp=vglnk_156079986354019&amp;key=c3a020c1da88216e0e531635c6550b00&amp;libId=jx0pplsl010091mv000DAbeegpvlr&amp;loc=http%3A%2F%2Fwww.iphonehacks.com%2F2019%2F06%2Fdownload-ios-13-beta-2-iphone.html&amp;v=1&amp;out=https%3A%2F%2Fipsw.me%2Fapi%2Fios%2Fv4%2Fota%2Fdownload%2FiPhone10%2C6%2F17A5508m%3Fprerequisite%3D16G5046d&amp;ref=https%3A%2F%2Fwww.google.com%2F&amp;title=Download%20iOS%2013%20Beta%202%20for%20iPhone&amp;txt=Download\" target=\"_blank\" rel=\"noopener\">&nbsp;iPhone X</a><br />-<a class=\"externalLink\" style=\"color: #176093; text-decoration-line: none; border-radius: 0px; padding: 0px 3px; margin: 0px -3px; word-break: inherit;\" href=\"http://redirect.viglink.com/?format=go&amp;jsonp=vglnk_156079988588020&amp;key=c3a020c1da88216e0e531635c6550b00&amp;libId=jx0pplsl010091mv000DAbeegpvlr&amp;loc=http%3A%2F%2Fwww.iphonehacks.com%2F2019%2F06%2Fdownload-ios-13-beta-2-iphone.html&amp;v=1&amp;out=https%3A%2F%2Fipsw.me%2Fapi%2Fios%2Fv4%2Fota%2Fdownload%2FiPhone10%2C5%2F17A5508m%3Fprerequisite%3D16G5046d&amp;ref=https%3A%2F%2Fwww.google.com%2F&amp;title=Download%20iOS%2013%20Beta%202%20for%20iPhone&amp;txt=Download\" target=\"_blank\" rel=\"noopener\">&nbsp;iPhone 8 Plus</a><br /><a class=\"externalLink\" style=\"color: #176093; text-decoration-line: none; border-radius: 0px; padding: 0px 3px; margin: 0px -3px; word-break: inherit;\" href=\"http://redirect.viglink.com/?format=go&amp;jsonp=vglnk_156079989944721&amp;key=c3a020c1da88216e0e531635c6550b00&amp;libId=jx0pplsl010091mv000DAbeegpvlr&amp;loc=http%3A%2F%2Fwww.iphonehacks.com%2F2019%2F06%2Fdownload-ios-13-beta-2-iphone.html&amp;v=1&amp;out=https%3A%2F%2Fipsw.me%2Fapi%2Fios%2Fv4%2Fota%2Fdownload%2FiPhone10%2C4%2F17A5508m%3Fprerequisite%3D16G5046d&amp;ref=https%3A%2F%2Fwww.google.com%2F&amp;title=Download%20iOS%2013%20Beta%202%20for%20iPhone&amp;txt=Download\" target=\"_blank\" rel=\"noopener\">- iPhone 8</a><br />-<a class=\"externalLink\" style=\"color: #176093; text-decoration-line: none; border-radius: 0px; padding: 0px 3px; margin: 0px -3px; word-break: inherit;\" href=\"http://redirect.viglink.com/?format=go&amp;jsonp=vglnk_156079991074722&amp;key=c3a020c1da88216e0e531635c6550b00&amp;libId=jx0pplsl010091mv000DAbeegpvlr&amp;loc=http%3A%2F%2Fwww.iphonehacks.com%2F2019%2F06%2Fdownload-ios-13-beta-2-iphone.html&amp;v=1&amp;out=https%3A%2F%2Fipsw.me%2Fapi%2Fios%2Fv4%2Fota%2Fdownload%2FiPhone9%2C4%2F17A5508m%3Fprerequisite%3D16G5046d&amp;ref=https%3A%2F%2Fwww.google.com%2F&amp;title=Download%20iOS%2013%20Beta%202%20for%20iPhone&amp;txt=Download\" target=\"_blank\" rel=\"noopener\">&nbsp;iPhone 7 Plus</a><br />-<a class=\"externalLink\" style=\"color: #176093; text-decoration-line: none; border-radius: 0px; padding: 0px 3px; margin: 0px -3px; word-break: inherit;\" href=\"http://redirect.viglink.com/?format=go&amp;jsonp=vglnk_156079992283223&amp;key=c3a020c1da88216e0e531635c6550b00&amp;libId=jx0pplsl010091mv000DAbeegpvlr&amp;loc=http%3A%2F%2Fwww.iphonehacks.com%2F2019%2F06%2Fdownload-ios-13-beta-2-iphone.html&amp;v=1&amp;out=https%3A%2F%2Fipsw.me%2Fapi%2Fios%2Fv4%2Fota%2Fdownload%2FiPhone9%2C3%2F17A5508m%3Fprerequisite%3D16G5046d&amp;ref=https%3A%2F%2Fwww.google.com%2F&amp;title=Download%20iOS%2013%20Beta%202%20for%20iPhone&amp;txt=Download\" target=\"_blank\" rel=\"noopener\">&nbsp;iPhone 7</a><br />-&nbsp;<a class=\"externalLink\" style=\"color: #176093; text-decoration-line: none; border-radius: 0px; padding: 0px 3px; margin: 0px -3px; word-break: inherit;\" href=\"http://redirect.viglink.com/?format=go&amp;jsonp=vglnk_156079993937624&amp;key=c3a020c1da88216e0e531635c6550b00&amp;libId=jx0pplsl010091mv000DAbeegpvlr&amp;loc=http%3A%2F%2Fwww.iphonehacks.com%2F2019%2F06%2Fdownload-ios-13-beta-2-iphone.html&amp;v=1&amp;out=https%3A%2F%2Fipsw.me%2Fapi%2Fios%2Fv4%2Fota%2Fdownload%2FiPhone8%2C2%2F17A5508m%3Fprerequisite%3D17A5492t&amp;ref=https%3A%2F%2Fwww.google.com%2F&amp;title=Download%20iOS%2013%20Beta%202%20for%20iPhone&amp;txt=Download\" target=\"_blank\" rel=\"noopener\">iPhone 6s Plus</a><br />-<a class=\"externalLink\" style=\"color: #176093; text-decoration-line: none; border-radius: 0px; padding: 0px 3px; margin: 0px -3px; word-break: inherit;\" href=\"http://redirect.viglink.com/?format=go&amp;jsonp=vglnk_156079978523815&amp;key=c3a020c1da88216e0e531635c6550b00&amp;libId=jx0pplsl010091mv000DAbeegpvlr&amp;loc=http%3A%2F%2Fwww.iphonehacks.com%2F2019%2F06%2Fdownload-ios-13-beta-2-iphone.html&amp;v=1&amp;out=https%3A%2F%2Fipsw.me%2Fapi%2Fios%2Fv4%2Fota%2Fdownload%2FiPhone8%2C1%2F17A5508m%3Fprerequisite%3D16G5046d&amp;ref=https%3A%2F%2Fwww.google.com%2F&amp;title=Download%20iOS%2013%20Beta%202%20for%20iPhone&amp;txt=Download\" target=\"_blank\" rel=\"noopener\">&nbsp;iPhone 6s</a></strong><br style=\"color: #141414; font-family: Helvetica, Arial, sans-serif; font-size: 14.6667px; background-color: #ffffff;\" /><a class=\"externalLink\" style=\"color: #176093; text-decoration-line: none; border-radius: 0px; padding: 0px 3px; margin: 0px -3px; word-break: inherit; font-family: Helvetica, Arial, sans-serif; font-size: 14.6667px; background-color: #ffffff;\" href=\"http://redirect.viglink.com/?format=go&amp;jsonp=vglnk_156079995298825&amp;key=c3a020c1da88216e0e531635c6550b00&amp;libId=jx0pplsl010091mv000DAbeegpvlr&amp;loc=http%3A%2F%2Fwww.iphonehacks.com%2F2019%2F06%2Fdownload-ios-13-beta-2-iphone.html&amp;v=1&amp;out=https%3A%2F%2Fipsw.me%2Fapi%2Fios%2Fv4%2Fota%2Fdownload%2FiPhone8%2C4%2F17A5508m%3Fprerequisite%3D16G5046d&amp;ref=https%3A%2F%2Fwww.google.com%2F&amp;title=Download%20iOS%2013%20Beta%202%20for%20iPhone&amp;txt=Download\" target=\"_blank\" rel=\"noopener\"><strong>- iPhone SE</strong></a></p>','Apple vừa cập nhật phiên bản Beta mới đồng bộ cho tất cả các thiết bị với IOS 13 beta 2, iPadOS beta 2, TVos beta 2, Mac Catalina beta 2. Nếu ở phần cập nhật phần mềm trong máy của các bạn không hiển thị cập nhật beta, thì hãy tải và cài đặt Profile mình upload dưới đây về cài đặt và khởi động lại máy để có thể cập nhật beta 2.',4),(13,'Dùng văn phòng (marketing, sales, vận hành, lập trình...) thì có nên dùng MacBook?',5,'2019-06-18','https://photo2.tinhte.vn/data/attachment-files/2019/06/4685662_cover_home_co_nen_mua_mac_cho_dan_van_phong.jpg',2,'<h2 class=\"TinhteMods_HeadingTag TinhteMods_HeadingTagH2\"><strong>Những thứ Mac l&agrave;m tốt</strong></h2>\r\n<p><br />Cũng giống như Windows, Mac c&oacute; thể ho&agrave;n th&agrave;nh nhiều thứ rất tốt:<br /><br /><strong>+ Văn bản:</strong> Word cho Mac rất ngon v&agrave; c&oacute; gần như đầy đủ chức năng của b&ecirc;n Windows, m&igrave;nh c&oacute; nghe một v&agrave;i bạn n&oacute;i rằng Word k&eacute;m t&iacute;nh năng hơn nhưng trong thực tế l&agrave;m việc th&igrave; m&igrave;nh chưa phải đụng tới những thứ n&agrave;y bao giờ n&ecirc;n cũng kh&ocirc;ng r&otilde; lắm. Bạn n&agrave;o biết chi tiết c&aacute;c t&iacute;nh năng m&agrave; Word cho Mac kh&ocirc;ng l&agrave;m được như b&ecirc;n Windows th&igrave; comment chia sẻ với mọi người nh&eacute;, c&ograve;n lại th&igrave; n&oacute; bao s&acirc;n l&agrave;m được hết.<br /><br /><strong>+ Bảng t&iacute;nh:</strong> Excel cho Mac cũng thuộc loại tốt, c&oacute; macro, c&oacute; c&ocirc;ng thức đầy đủ, tuy nhi&ecirc;n bạn cần lưu &yacute; rằng khi xử l&yacute; c&aacute;c bảng t&iacute;nh qu&aacute; lớn tầm 300.000 d&ograve;ng trở l&ecirc;n th&igrave; Excel cho Mac c&oacute; thể bị chậm, d&ugrave; m&igrave;nh đang d&ugrave;ng một con m&aacute;y rất mạnh l&agrave; <a class=\"Tinhte_XenTag_TagLink\" title=\"\" href=\"https://tinhte.vn/macbook/\">MacBook</a> Pro 15 inch, trong khi đem qua Windows th&igrave; file đ&oacute; c&oacute; thể chạy rất b&igrave;nh thường. Nếu bạn kh&ocirc;ng thường xuy&ecirc;n phải l&agrave;m việc với những file to như thế n&agrave;y th&igrave; kh&ocirc;ng cần phải lo, Mac sẽ đ&aacute;p ứng đủ c&aacute;i bạn cần. Mấy c&agrave;i dự to&aacute;n về dự &aacute;n, l&ecirc;n kế hoạch, theo d&otilde;i chi ti&ecirc;u, b&aacute;o gi&aacute; cho kh&aacute;ch... th&igrave; Mac l&agrave;m ngon hết.<br /><br /></p>\r\n<div style=\"text-align: center;\"><span class=\"bdImage_attachImage\" style=\"width: 1140px;\"> <span class=\"inner\" style=\"padding-bottom: 72.719298%;\"> <img title=\"Excel_for_mac.png\" src=\"https://photo2.tinhte.vn/data/attachment-files/2019/06/4685605_Excel_for_mac.png\" alt=\"Đang tải Excel_for_mac.png&hellip;\" data-width=\"1140\" data-height=\"829\" /> </span> </span> ​</div>\r\n<p><br /><strong>+ Thuyết tr&igrave;nh:</strong> PowerPoint cho Mac cũng c&oacute; chức năng gợi &yacute; bố cục slide th&ocirc;ng minh giống như b&ecirc;n Windows, c&oacute; đầy đủ hiệu ứng v&agrave; c&aacute;c t&iacute;nh năng tr&igrave;nh chiếu n&ecirc;n bạn kh&ocirc;ng c&oacute; g&igrave; phải lăn tăn. Thậm ch&iacute; t&iacute;nh năng nh&uacute;ng file v&agrave;o để chơi video hay &acirc;m thanh cũng chạy b&igrave;nh thường.<br /><br />Ngo&agrave;i bộ Word, Excel v&agrave; PowerPoint, bạn c&ograve;n c&oacute; thể sử dụng bộ Google Docs của Google rất xịn, đ&aacute;p ứng được gần như mọi nhu cầu cơ bản của người l&agrave;m văn ph&ograve;ng. Ch&uacute;ng c&ograve;n c&oacute; t&iacute;nh năng chia sẻ để nhiều người c&ugrave;ng edit, c&ugrave;ng xem file v&agrave; giới hạn c&aacute;c quyền truy cập cho an to&agrave;n. Nhiều c&ocirc;ng ty giờ cũng sử dụng GSuite của Google l&agrave;m email, khi đ&oacute; mặc định bạn cũng c&oacute; thể d&ugrave;ng bộ Google Docs n&agrave;y v&agrave; lưu file của m&igrave;nh v&agrave;o Google Drive, kh&ocirc;ng bao giờ sợ mất dữ liệu ngay cả khi m&aacute;y hỏng.<br /><br />M&igrave;nh th&igrave; gh&eacute;t bộ iWork của Apple lắm, bao gồm Pages, Keynote v&agrave; Numbers. Ch&uacute;ng thiếu nhiều t&iacute;nh năng của Microsoft Office, giao diện cũng lạ lẫm hơn n&ecirc;n kh&ocirc;ng muốn d&agrave;nh thời gian nhiều t&igrave;m hiểu. Lợi &iacute;ch khi x&agrave;i 3 app n&agrave;y l&agrave; l&agrave;m ra được file đẹp <img class=\"mceSmilieSprite mceSmilie8\" title=\"Big Grin    :D\" src=\"https://tinhte.vn/styles/default/xenforo/clear.png\" alt=\":D\" /><br /><br /><strong>+ Lập tr&igrave;nh:</strong> trừ khi bạn code c&aacute;i g&igrave; đ&oacute; đặc th&ugrave; cho Windows, c&ograve;n lại những g&igrave; bạn l&agrave;m được với Win th&igrave; Mac cũng chạy được, từ việc code app cho đến web hay l&agrave;m app Java. Code iOS v&agrave; Android th&igrave; đương nhi&ecirc;n m&aacute;y Mac l&agrave;m ngon rồi, b&ecirc;n Windows đ&acirc;u c&oacute; code ngon được app iOS đ&acirc;u trừ khi bạn \"hack\" một số thứ (nhưng mất thời gian).<br /><br />N&oacute;i cho c&ocirc;ng bằng th&igrave; Windows dạo n&agrave;y c&oacute; th&ecirc;m một số th&agrave;nh phần của Linux n&ecirc;n việc thiết lập c&aacute;c c&ocirc;ng cụ cũng ngon hơn nhiều so với ng&agrave;y xưa rồi, nhất l&agrave; c&aacute;c tool về DevOps, c&aacute;c bộ lib d&agrave;nh cho app v&agrave; data, xử l&yacute; dữ liệu... Phần n&agrave;y th&igrave; Windows v&agrave; Mac m&igrave;nh đ&aacute;nh gi&aacute; l&agrave; như nhau.<br /><br /></p>\r\n<div style=\"text-align: center;\"><span class=\"bdImage_attachImage\" style=\"width: 2048px;\"> <span class=\"inner\" style=\"padding-bottom: 61.914062%;\"> <img title=\"lap_trinh_macps.jpg\" src=\"https://photo2.tinhte.vn/data/attachment-files/2019/06/4685628_lap_trinh_macps.jpg\" alt=\"Đang tải lap_trinh_macps.jpg&hellip;\" data-width=\"2048\" data-height=\"1268\" /> </span> </span> ​</div>\r\n<p><br /><strong>+ C&aacute;c c&ocirc;ng cụ nền web</strong>: rất nhiều c&ocirc;ng cụ d&agrave;nh cho việc vận h&agrave;nh của c&ocirc;ng ty giờ đ&atilde; được đem l&ecirc;n web, bạn c&oacute; thể d&ugrave;ng Mac để sử dụng ch&uacute;ng đầy đủ, kh&ocirc;ng bị thiếu chức năng n&agrave;o cả. Đ&oacute; cũng l&agrave; mục đ&iacute;ch của việc đem l&ecirc;n web, bạn kh&ocirc;ng cần phải c&agrave;i g&igrave; v&agrave;o m&aacute;y, bạn cũng chẳng phải quan t&acirc;m tới hệ điều h&agrave;nh của m&igrave;nh l&agrave; g&igrave;, cứ c&oacute; tr&igrave;nh duyệt l&agrave; chạy th&ocirc;i. Chrome cũng c&oacute; bản cho Mac, n&ecirc;n bạn c&oacute; thể sync dữ liệu quả m&igrave;nh qua m&agrave; kh&ocirc;ng gặp kh&oacute; khăn g&igrave;.<br /><br />Như c&aacute;c c&ocirc;ng ty m&igrave;nh từng l&agrave;m qua th&igrave; to&agrave;n bộ c&ocirc;ng cụ từ sales, marketing, dev, vận h&agrave;nh... đều chạy web hết, chỉ c&oacute; mỗi phần mềm kế to&aacute;n l&agrave; chạy app tr&ecirc;n Windows m&agrave; th&ocirc;i.<br /><br /></p>\r\n<h2 class=\"TinhteMods_HeadingTag TinhteMods_HeadingTagH2\"><strong>Những thứ Mac kh&ocirc;ng l&agrave;m tốt</strong></h2>\r\n<p><br /><strong>+ Những phần mềm đặc th&ugrave;:</strong> một số phần mềm d&agrave;nh cho kế to&aacute;n, t&agrave;i ch&iacute;nh, phần mềm vẽ kỹ thuật... chỉ c&oacute; bản cho Windows m&agrave; th&ocirc;i, kh&ocirc;ng d&ugrave;ng được tr&ecirc;n Mac. Nếu bạn muốn chạy n&oacute; tr&ecirc;n Mac, bạn phải c&agrave;i th&ecirc;m m&aacute;y ảo Windows hoặc c&agrave;i Windows l&ecirc;n như l&agrave; một hệ điều h&agrave;nh thứ 2.<br /><br />Nếu l&acirc;u l&acirc;u mới phải d&ugrave;ng tới th&igrave; kh&ocirc;ng sao, nhưng x&agrave;i thường xuy&ecirc;n th&igrave; hơi cực, chưa kể chạy m&aacute;y ảo th&igrave; thường hao pin hơn, c&ograve;n chuyển sang Windows th&igrave; mất c&ocirc;ng v&agrave; pin cũng k&eacute;m hơn so với khi bạn chạy Mac thuần t&uacute;y.<br /><br />Phần mềm n&agrave;o đặc th&ugrave; cho Windows th&igrave; chắc bạn đ&atilde; biết rồi, chứ m&igrave;nh th&igrave; kh&ocirc;ng biết hết nội dung c&ocirc;ng việc của bạn<br /><br /><strong>+ Pin:</strong> Mac c&oacute; thể d&ugrave;ng pin đủ cho một ng&agrave;y l&agrave;m việc, hoặc c&aacute;c con cấu h&igrave;nh cao cao như d&ograve;ng Pro th&igrave; cũng được nửa ng&agrave;y, tuy nhi&ecirc;n so với một số laptop Windows th&igrave; thời lượng pin của Mac kh&ocirc;ng bằng. C&oacute; những chiếc m&aacute;y Win m&igrave;nh đ&atilde; từng thấy chạy được 12 tiếng trở l&ecirc;n, trong khi vẫn giữ được vẻ ngo&agrave;i mỏng nhẹ đẹp.<br /><br /></p>\r\n<div style=\"text-align: center;\"><span class=\"bdImage_attachImage\" style=\"width: 2048px;\"> <span class=\"inner\" style=\"padding-bottom: 66.650391%;\"> <img title=\"ZenBook_3_asus.jpg\" src=\"https://photo2.tinhte.vn/data/attachment-files/2019/06/4685629_ZenBook_3_asus.jpg\" alt=\"Đang tải ZenBook_3_asus.jpg&hellip;\" data-width=\"2048\" data-height=\"1365\" /> </span> </span> ​</div>\r\n<p><br /><strong>+ Một số d&ograve;ng hay hỏng vặt: </strong>MacBook Pro 2016 v&agrave; 2017 c&oacute; thể bị hỏng vặt, tỉ lệ th&igrave; m&igrave;nh kh&ocirc;ng r&otilde; so với Windows như thế n&agrave;o nhưng so với c&aacute;c đời kh&aacute;c như 2018 hay 2015 trở về trước th&igrave; lỗi m&igrave;nh thấy nhiều hơn. Lỗi thường gặp nhất l&agrave; b&agrave;n ph&iacute;m bị kẹt hoặc kh&ocirc;ng g&otilde; được, c&aacute;i n&agrave;y Apple c&oacute; bảo h&agrave;nh miễn ph&iacute; ngay cả khi m&aacute;y bạn đ&atilde; hết hạn bảo h&agrave;nh nhưng đi tới đi lui cũng mất thời gian đấy. Nếu lỗi nhẹ th&igrave; chỉ cần thay ph&iacute;m l&agrave; xong, nhưng lỗi nặng th&igrave; bạn phải để lại để thay cả khung m&aacute;y hơi phiền.<br /><br />M&igrave;nh cũng c&oacute; một số bạn b&egrave; xung quanh đang x&agrave;i MacBook Air 2018, MacBook Air 2015, ngo&agrave;i ra m&igrave;nh c&ograve;n th&ecirc;m 1 con Mac Mini th&igrave; kh&ocirc;ng bị lỗi g&igrave;, x&agrave;i &ecirc;m lắm. Nếu c&oacute; mua th&igrave; h&atilde;y mua MacBook 12\" 2016 trở về sau, MacBook Pro 2018 trở về sau hoặc MacBook Air 2018 trở về sau nh&eacute; bạn.<br /><br /><strong>+ Gi&aacute; cao</strong> <img class=\"mceSmilieSprite mceSmilie8\" title=\"Big Grin    :D\" src=\"https://tinhte.vn/styles/default/xenforo/clear.png\" alt=\":D\" /> Hẳn rồi, mặt bằng chung của MacBook đắt tiền hơn so với c&aacute;c laptop Windows c&ugrave;ng cấu h&igrave;nh. Tuy nhi&ecirc;n, cũng cần lưu &yacute; rằng những chiếc laptop Win xịn với chất lượng build tốt, cấu h&igrave;nh ổn, pin l&acirc;u cũng kh&ocirc;ng hề rẻ, với build quality v&agrave; thiết kế đẹp th&igrave; laptop Windows cũng đắt kh&ocirc;ng thua g&igrave; MacBook đ&acirc;u.<br /><br />Mời c&aacute;c bạn đặt c&acirc;u hỏi, v&agrave; nếu bạn c&oacute; nhận x&eacute;t, chia sẻ g&igrave; th&ecirc;m về việc d&acirc;n văn ph&ograve;ng c&oacute; n&ecirc;n x&agrave;i Mac hay kh&ocirc;ng th&igrave; h&atilde;y comment v&agrave;o nh&eacute;.</p>','Trong bài này mình nói về nhu cầu làm việc của giới \"văn phòng\", mà cụ thể hơn là các bạn làm marketing, sales, làm vận hành, lập trình và quản lý, không đề cập tới những vấn đề kỹ thuật, edit phim ảnh gì đó hay các nhu cầu prosumer kĩ thuật. Bài này sẽ giúp giải tỏa câu hỏi của bạn về những gì Mac làm được và không làm được so với một cái máy chạy Windows, dựa vào đây bạn có thể chắc ăn hơn về quyết định mua hàng của mình.',4),(14,'Huawei laptops return to Microsoft’s online store after mysteriously disappearing',3,'2019-06-18','https://bit.ly/2IRTTKt',3,'<p id=\"8DZb8H\">Microsoft removed Huawei&rsquo;s laptop lineup from its online store last month, following a new executive order to crack down on the Chinese tech company. While the software giant <a href=\"https://www.theverge.com/2019/5/21/18634240/microsoft-huawei-matebook-x-pro-laptop-store-windows-ban-no-comment\">has remained silent</a> over whether Huawei will still be able to obtain Windows licenses for its range of laptops, the devices are now starting to return to online stores this week.</p>\r\n<p id=\"5TmIWS\">Twitter user <a href=\"https://twitter.com/h0x0d/status/1140677779144372225\">WalkingCat</a> noticed that Huawei&rsquo;s laptops have returned, and we&rsquo;ve spotted that the <a href=\"https://click.linksynergy.com/deeplink?id=nOD%2FrLJHOac&amp;mid=24542&amp;u1=verge&amp;murl=https%3A%2F%2Fwww.microsoft.com%2Fen-us%2Fp%2Fhuawei-matebook-13-53010fkr-laptop%2F91BX25B48SPJ%2F7SFF\" target=\"_blank\" rel=\"nofollow noopener\">MateBook 13</a>, the <a href=\"https://click.linksynergy.com/deeplink?id=nOD%2FrLJHOac&amp;mid=24542&amp;u1=verge&amp;murl=https%3A%2F%2Fwww.microsoft.com%2Fen-us%2Fp%2Fhuawei-matebook-d-laptop%2F8vw09jk21d24\" target=\"_blank\" rel=\"nofollow noopener\">MateBook</a>, and the <a href=\"https://click.linksynergy.com/deeplink?id=nOD%2FrLJHOac&amp;mid=24542&amp;u1=verge&amp;murl=https%3A%2F%2Fwww.microsoft.com%2Fen-us%2Fp%2Fhuawei-matebook-x-pro-laptop%2F8N4K86D4J006%2FHB3R\" target=\"_blank\" rel=\"nofollow noopener\">MateBook X Pro</a> are all available once again. The MateBook X Pro is currently listed as &ldquo;out of stock,&rdquo; but the rest are available to purchase again.</p>\r\n<figure class=\"e-image\"><span class=\"e-image__inner\"> <span class=\"e-image__image \" data-original=\"https://cdn.vox-cdn.com/uploads/chorus_asset/file/14130450/dseifert_190211_3224_2968.jpg\"> <img src=\"https://cdn.vox-cdn.com/thumbor/T-2d3NaId6kl2hjMPdB79Ws-de4=/0x0:2040x1360/1200x0/filters:focal(0x0:2040x1360):no_upscale()/cdn.vox-cdn.com/uploads/chorus_asset/file/14130450/dseifert_190211_3224_2968.jpg\" alt=\"\" data-upload-width=\"2040\" /> </span> </span>\r\n<figcaption>Huawei&rsquo;s latest laptops</figcaption>\r\n<span class=\"e-image__meta\"><cite>Photo by Dan Seifert / The Verge</cite> </span></figure>\r\n<p id=\"cU3TmJ\"><em>The Verge</em> <a href=\"https://www.theverge.com/2019/5/21/18634240/microsoft-huawei-matebook-x-pro-laptop-store-windows-ban-no-comment\">reached out to Microsoft to comment</a> multiple times on the removal of the Huawei laptops last month, but the company refused to issue a statement. Microsoft is no longer remaining silent.</p>\r\n<p id=\"o3XKGC\">&ldquo;We have been evaluating, and will continue to respond to, the many business, technical and regulatory complexities stemming from the recent addition of Huawei to the U.S. Department of Commerce&rsquo;s Export Administration Regulations Entity List,&rdquo; says a Microsoft spokesperson in a statement to <em>The Verge</em>. &ldquo;As a result, we are resuming the sale of existing inventory of Huawei devices at Microsoft Store.&rdquo;</p>\r\n<p id=\"n5CAt8\">The important words there are &ldquo;existing inventory&rdquo; &mdash; when we asked Microsoft whether the company plans to continue to stock and sell Huawei laptops, a spokesperson doubled down on that point: &ldquo;Microsoft Store is selling existing inventory, which is compliant with current U.S. regulations.&rdquo;</p>\r\n<p id=\"iSBdyC\">Huawei has since <a href=\"https://www.theverge.com/2019/6/12/18662296/huawei-laptop-launch-cancelled-report\">postponed the launch</a> of a new Windows-powered laptop that was due to be unveiled at the CES Asia show last week. It&rsquo;s not exactly clear what new laptop Huawei was planning to announce, but it did previously unveil <a href=\"https://www.theverge.com/2019/2/24/18236450/huawei-matebook-x-pro-2019-matebook-14-specs-features-announcement\">the MateBook 14 and updated its MateBook X Pro line</a> at MWC earlier this year.</p>\r\n<p>&nbsp;</p>','Gone one month, back the next',1),(15,'Test with new editor',4,'2019-06-19','https://cdn-images-1.medium.com/max/1600/0*xMaFF2hSXpf_kIfG.jpg',2,'<p><strong>Bold bold</strong></p>\r\n<p>Nghien Nghien</p>\r\n<p><img src=\"https://cdn-images-1.medium.com/max/1600/0*xMaFF2hSXpf_kIfG.jpg\" alt=\"Post\" width=\"800\" height=\"375\" /></p>\r\n<p>Youtube:</p>\r\n<p><iframe src=\"//www.youtube.com/embed/LdzB6wr90ls\" width=\"560\" height=\"315\" frameborder=\"0\" allowfullscreen=\"allowfullscreen\"></iframe></p>','Hmmm.. just testing',1);
/*!40000 ALTER TABLE `drafts` ENABLE KEYS */;
UNLOCK TABLES;

--
-- Table structure for table `drafts_tags`
--

DROP TABLE IF EXISTS `drafts_tags`;
/*!40101 SET @saved_cs_client     = @@character_set_client */;
/*!40101 SET character_set_client = utf8 */;
CREATE TABLE `drafts_tags` (
  `Id` int(11) NOT NULL AUTO_INCREMENT,
  `idTag` int(11) NOT NULL,
  `idArticle` int(11) NOT NULL,
  PRIMARY KEY (`Id`),
  KEY `FK_Articles_Tags_Articles_idx` (`idArticle`),
  KEY `FK_Articles_Tags_Tags_idx` (`idTag`),
  CONSTRAINT `FK_Drafts_Tags_Articles` FOREIGN KEY (`idArticle`) REFERENCES `drafts` (`Id`),
  CONSTRAINT `FK_Drafts_Tags_Tags` FOREIGN KEY (`idTag`) REFERENCES `tags` (`Id`) ON DELETE CASCADE ON UPDATE CASCADE
) ENGINE=InnoDB AUTO_INCREMENT=4 DEFAULT CHARSET=utf8;
/*!40101 SET character_set_client = @saved_cs_client */;

--
-- Dumping data for table `drafts_tags`
--

LOCK TABLES `drafts_tags` WRITE;
/*!40000 ALTER TABLE `drafts_tags` DISABLE KEYS */;
INSERT INTO `drafts_tags` VALUES (1,2,3),(2,1,2),(3,1,1);
/*!40000 ALTER TABLE `drafts_tags` ENABLE KEYS */;
UNLOCK TABLES;

--
-- Table structure for table `editors`
--

DROP TABLE IF EXISTS `editors`;
/*!40101 SET @saved_cs_client     = @@character_set_client */;
/*!40101 SET character_set_client = utf8 */;
CREATE TABLE `editors` (
  `Id` int(11) NOT NULL,
  `ManagedCate` int(11) NOT NULL,
  PRIMARY KEY (`Id`),
  KEY `fk_Editors_Categories_idx` (`ManagedCate`),
  CONSTRAINT `FK_Editor_User` FOREIGN KEY (`Id`) REFERENCES `users` (`Id`),
  CONSTRAINT `fk_Editors_Categories` FOREIGN KEY (`ManagedCate`) REFERENCES `categories` (`Id`)
) ENGINE=InnoDB DEFAULT CHARSET=utf8;
/*!40101 SET character_set_client = @saved_cs_client */;

--
-- Dumping data for table `editors`
--

LOCK TABLES `editors` WRITE;
/*!40000 ALTER TABLE `editors` DISABLE KEYS */;
INSERT INTO `editors` VALUES (1,1),(2,2),(3,3);
/*!40000 ALTER TABLE `editors` ENABLE KEYS */;
UNLOCK TABLES;

--
-- Table structure for table `rejectdrafts`
--

DROP TABLE IF EXISTS `rejectdrafts`;
/*!40101 SET @saved_cs_client     = @@character_set_client */;
/*!40101 SET character_set_client = utf8 */;
CREATE TABLE `rejectdrafts` (
  `Id` int(11) NOT NULL AUTO_INCREMENT,
  `Draft` int(11) NOT NULL,
  `Editor` int(11) NOT NULL,
  `RejectReason` varchar(45) DEFAULT NULL,
  PRIMARY KEY (`Id`),
  KEY `fk_RejectArticles_Articles_idx` (`Draft`),
  KEY `fk_RejectArticles_Editors_idx` (`Editor`),
  CONSTRAINT `fk_RejectArticles_Articles` FOREIGN KEY (`Draft`) REFERENCES `drafts` (`Id`),
  CONSTRAINT `fk_RejectArticles_Editors` FOREIGN KEY (`Editor`) REFERENCES `editors` (`Id`)
) ENGINE=InnoDB AUTO_INCREMENT=2 DEFAULT CHARSET=utf8;
/*!40101 SET character_set_client = @saved_cs_client */;

--
-- Dumping data for table `rejectdrafts`
--

LOCK TABLES `rejectdrafts` WRITE;
/*!40000 ALTER TABLE `rejectdrafts` DISABLE KEYS */;
INSERT INTO `rejectdrafts` VALUES (1,5,1,'Bai viet nhu shit');
/*!40000 ALTER TABLE `rejectdrafts` ENABLE KEYS */;
UNLOCK TABLES;

--
-- Table structure for table `states`
--

DROP TABLE IF EXISTS `states`;
/*!40101 SET @saved_cs_client     = @@character_set_client */;
/*!40101 SET character_set_client = utf8 */;
CREATE TABLE `states` (
  `Id` int(11) NOT NULL,
  `Status` varchar(45) NOT NULL,
  PRIMARY KEY (`Id`)
) ENGINE=InnoDB DEFAULT CHARSET=utf8;
/*!40101 SET character_set_client = @saved_cs_client */;

--
-- Dumping data for table `states`
--

LOCK TABLES `states` WRITE;
/*!40000 ALTER TABLE `states` DISABLE KEYS */;
INSERT INTO `states` VALUES (1,'pending'),(2,'rejected '),(3,'approved'),(4,'published');
/*!40000 ALTER TABLE `states` ENABLE KEYS */;
UNLOCK TABLES;

--
-- Table structure for table `subcategories`
--

DROP TABLE IF EXISTS `subcategories`;
/*!40101 SET @saved_cs_client     = @@character_set_client */;
/*!40101 SET character_set_client = utf8 */;
CREATE TABLE `subcategories` (
  `Id` int(11) NOT NULL AUTO_INCREMENT,
  `Category` int(11) NOT NULL,
  `Name` varchar(45) NOT NULL,
  PRIMARY KEY (`Id`),
  UNIQUE KEY `Name_UNIQUE` (`Name`),
  KEY `FK_SubCategories_Categories_idx` (`Category`),
  CONSTRAINT `FK_SubCategories_Categories` FOREIGN KEY (`Category`) REFERENCES `categories` (`Id`) ON DELETE CASCADE ON UPDATE CASCADE
) ENGINE=InnoDB AUTO_INCREMENT=10 DEFAULT CHARSET=utf8;
/*!40101 SET character_set_client = @saved_cs_client */;

--
-- Dumping data for table `subcategories`
--

LOCK TABLES `subcategories` WRITE;
/*!40000 ALTER TABLE `subcategories` DISABLE KEYS */;
INSERT INTO `subcategories` VALUES (1,1,'Xiaomi'),(2,1,'Apple'),(3,2,'Dell'),(4,2,'Hewlett-Packard'),(5,2,'Macbook'),(6,2,'Asus'),(7,3,'Công nghệ mới'),(8,3,'Trí thông minh nhân tạo'),(9,1,'Pixel');
/*!40000 ALTER TABLE `subcategories` ENABLE KEYS */;
UNLOCK TABLES;

--
-- Table structure for table `subcribers`
--

DROP TABLE IF EXISTS `subcribers`;
/*!40101 SET @saved_cs_client     = @@character_set_client */;
/*!40101 SET character_set_client = utf8 */;
CREATE TABLE `subcribers` (
  `Id` int(11) NOT NULL,
  `Premium` int(11) NOT NULL,
  PRIMARY KEY (`Id`),
  CONSTRAINT `FK_Subscriber_User` FOREIGN KEY (`Id`) REFERENCES `users` (`Id`)
) ENGINE=InnoDB DEFAULT CHARSET=utf8;
/*!40101 SET character_set_client = @saved_cs_client */;

--
-- Dumping data for table `subcribers`
--

LOCK TABLES `subcribers` WRITE;
/*!40000 ALTER TABLE `subcribers` DISABLE KEYS */;
INSERT INTO `subcribers` VALUES (4,7),(5,2);
/*!40000 ALTER TABLE `subcribers` ENABLE KEYS */;
UNLOCK TABLES;

--
-- Table structure for table `tags`
--

DROP TABLE IF EXISTS `tags`;
/*!40101 SET @saved_cs_client     = @@character_set_client */;
/*!40101 SET character_set_client = utf8 */;
CREATE TABLE `tags` (
  `Id` int(11) NOT NULL AUTO_INCREMENT,
  `Name` varchar(45) NOT NULL,
  PRIMARY KEY (`Id`),
  UNIQUE KEY `Name` (`Name`),
  UNIQUE KEY `Name_2` (`Name`),
  UNIQUE KEY `Name_3` (`Name`)
) ENGINE=InnoDB AUTO_INCREMENT=6 DEFAULT CHARSET=utf8;
/*!40101 SET character_set_client = @saved_cs_client */;

--
-- Dumping data for table `tags`
--

LOCK TABLES `tags` WRITE;
/*!40000 ALTER TABLE `tags` DISABLE KEYS */;
INSERT INTO `tags` VALUES (4,'ios'),(5,'macOS'),(1,'MWC2018'),(2,'space'),(3,'ubuntu');
/*!40000 ALTER TABLE `tags` ENABLE KEYS */;
UNLOCK TABLES;

--
-- Table structure for table `users`
--

DROP TABLE IF EXISTS `users`;
/*!40101 SET @saved_cs_client     = @@character_set_client */;
/*!40101 SET character_set_client = utf8 */;
CREATE TABLE `users` (
  `Id` int(11) NOT NULL AUTO_INCREMENT,
  `Username` varchar(30) NOT NULL,
  `Password` varchar(30) NOT NULL,
  `Fullname` varchar(45) DEFAULT NULL,
  `Email` varchar(100) DEFAULT NULL,
  `Birthday` date DEFAULT NULL,
  `Avatar` varchar(45) DEFAULT NULL,
  PRIMARY KEY (`Id`),
  UNIQUE KEY `Username_UNIQUE` (`Username`)
) ENGINE=InnoDB AUTO_INCREMENT=6 DEFAULT CHARSET=utf8;
/*!40101 SET character_set_client = @saved_cs_client */;

--
-- Dumping data for table `users`
--

LOCK TABLES `users` WRITE;
/*!40000 ALTER TABLE `users` DISABLE KEYS */;
INSERT INTO `users` VALUES (1,'nkhang','1234','Nguyen Khac Nguyen Khang','mail@mail.com','1998-01-12',NULL),(2,'ngankhanh98','123','Nguyen Thi Ngan Khanh','ngankhanh98@gmail.com','2019-06-09',NULL),(3,'nchconghung','1234','Nguyễn Công Hưng','nchconghung@gmail.com','1998-08-12',NULL),(4,'trungtai','1234','Nguyen Trung Tai','tai@gmail.com','2019-06-10','https://bit.ly/2Wz5W4o'),(5,'duc','1234','Le Trong Duc','duc@mail.com',NULL,NULL);
/*!40000 ALTER TABLE `users` ENABLE KEYS */;
UNLOCK TABLES;

--
-- Table structure for table `writers`
--

DROP TABLE IF EXISTS `writers`;
/*!40101 SET @saved_cs_client     = @@character_set_client */;
/*!40101 SET character_set_client = utf8 */;
CREATE TABLE `writers` (
  `Id` int(11) NOT NULL,
  `Alias` varchar(45) DEFAULT NULL,
  PRIMARY KEY (`Id`),
  CONSTRAINT `FK_Writer_User` FOREIGN KEY (`Id`) REFERENCES `users` (`Id`)
) ENGINE=InnoDB DEFAULT CHARSET=utf8;
/*!40101 SET character_set_client = @saved_cs_client */;

--
-- Dumping data for table `writers`
--

LOCK TABLES `writers` WRITE;
/*!40000 ALTER TABLE `writers` DISABLE KEYS */;
INSERT INTO `writers` VALUES (1,'Nguyên Khang'),(2,'Khánh Hacker'),(3,'Công Hưng');
/*!40000 ALTER TABLE `writers` ENABLE KEYS */;
UNLOCK TABLES;
/*!40103 SET TIME_ZONE=@OLD_TIME_ZONE */;

/*!40101 SET SQL_MODE=@OLD_SQL_MODE */;
/*!40014 SET FOREIGN_KEY_CHECKS=@OLD_FOREIGN_KEY_CHECKS */;
/*!40014 SET UNIQUE_CHECKS=@OLD_UNIQUE_CHECKS */;
/*!40101 SET CHARACTER_SET_CLIENT=@OLD_CHARACTER_SET_CLIENT */;
/*!40101 SET CHARACTER_SET_RESULTS=@OLD_CHARACTER_SET_RESULTS */;
/*!40101 SET COLLATION_CONNECTION=@OLD_COLLATION_CONNECTION */;
/*!40111 SET SQL_NOTES=@OLD_SQL_NOTES */;

-- Dump completed on 2019-06-23 14:45:26
